scrape_date,scrape_timestamp,dining_hall,campus,meal_period,item_name,serving_size,source_url,nutrition_link,calories_kcal,total_fat_g,sat_fat_g,trans_fat_g,cholesterol_mg,sodium_mg,total_carbs_g,fiber_g,sugar_g,protein_g,is_vegetarian,is_vegan,is_high_protein,is_low_calorie,is_low_sodium
05/07/2026,2026-05-07T18:01:57,Livingston,Livingston,Lunch,BEEF FAJITA SOUP,4 OZ,https://menuportal23.dining.rutgers.edu/FoodPronet/pickmenu.aspx?locationNum=03&locationName=Livingston+Dinning+Hall&dtdate=05/07/2026&activeMeal=Lunch&sName=Rutgers+University+Dining,https://menuportal23.dining.rutgers.edu/FoodPronet/label.aspx?locationNum=03&locationName=Livingston+Dinning+Hall&dtdate=05%2f07%2f2026&RecNumAndPort=020060*4,108.0,2.6,0.9,0.0,28.3,242.5,,1.5,1.5,12.8,False,False,False,True,True
05/07/2026,2026-05-07T18:01:57,Livingston,Livingston,Lunch,CHEESE AND BROCCOLI SOUP,6 OZ,https://menuportal23.dining.rutgers.edu/FoodPronet/pickmenu.aspx?locationNum=03&locationName=Livingston+Dinning+Hall&dtdate=05/07/2026&activeMeal=Lunch&sName=Rutgers+University+Dining,https://menuportal23.dining.rutgers.edu/FoodPronet/label.aspx?locationNum=03&locationName=Livingston+Dinning+Hall&dtdate=05%2f07%2f2026&RecNumAndPort=020001*6,152.0,7.2,4.0,0.0,17.4,521.0,,1.8,3.7,7.0,True,False,False,True,True
05/07/2026,2026-05-07T18:01:57,Livingston,Livingston,Lunch,BLACK BEAN BURGER,1 EACH,https://menuportal23.dining.rutgers.edu/FoodPronet/pickmenu.aspx?locationNum=03&locationName=Livingston+Dinning+Hall&dtdate=05/07/2026&activeMeal=Lunch&sName=Rutgers+University+Dining,https://menuportal23.dining.rutgers.edu/FoodPronet/label.aspx?locationNum=03&locationName=Livingston+Dinning+Hall&dtdate=05%2f07%2f2026&RecNumAndPort=019105*1,146.0,6.7,0.0,0.0,0.0,416.1,,3.5,0.0,6.2,True,True,False,True,True
05/07/2026,2026-05-07T18:01:57,Livingston,Livingston,Lunch,BREADED CHICKEN CUTLET,1 EACH,https://menuportal23.dining.rutgers.edu/FoodPronet/pickmenu.aspx?locationNum=03&locationName=Livingston+Dinning+Hall&dtdate=05/07/2026&activeMeal=Lunch&sName=Rutgers+University+Dining,https://menuportal23.dining.rutgers.edu/FoodPronet/label.aspx?locationNum=03&locationName=Livingston+Dinning+Hall&dtdate=05%2f07%2f2026&RecNumAndPort=111051*1,273.0,10.1,2.0,0.0,65.8,688.5,,1.0,0.0,26.3,False,False,True,True,False
05/07/2026,2026-05-07T18:01:57,Livingston,Livingston,Lunch,GRILLED HOT DOGS,1 EACH,https://menuportal23.dining.rutgers.edu/FoodPronet/pickmenu.aspx?locationNum=03&locationName=Livingston+Dinning+Hall&dtdate=05/07/2026&activeMeal=Lunch&sName=Rutgers+University+Dining,https://menuportal23.dining.rutgers.edu/FoodPronet/label.aspx?locationNum=03&locationName=Livingston+Dinning+Hall&dtdate=05%2f07%2f2026&RecNumAndPort=800009*1,239.0,22.5,6.6,0.7,19.9,530.5,,0.0,0.0,9.3,True,True,False,True,True
05/07/2026,2026-05-07T18:01:57,Livingston,Livingston,Lunch,HALAL HAMBURGER,1 EACH,https://menuportal23.dining.rutgers.edu/FoodPronet/pickmenu.aspx?locationNum=03&locationName=Livingston+Dinning+Hall&dtdate=05/07/2026&activeMeal=Lunch&sName=Rutgers+University+Dining,https://menuportal23.dining.rutgers.edu/FoodPronet/label.aspx?locationNum=03&locationName=Livingston+Dinning+Hall&dtdate=05%2f07%2f2026&RecNumAndPort=019084*1,146.0,8.3,3.3,,35.5,246.3,,0.0,,13.4,False,False,False,True,True
05/07/2026,2026-05-07T18:01:57,Livingston,Livingston,Lunch,HAMBURGER POTATO BUN,1 EACH,https://menuportal23.dining.rutgers.edu/FoodPronet/pickmenu.aspx?locationNum=03&locationName=Livingston+Dinning+Hall&dtdate=05/07/2026&activeMeal=Lunch&sName=Rutgers+University+Dining,https://menuportal23.dining.rutgers.edu/FoodPronet/label.aspx?locationNum=03&locationName=Livingston+Dinning+Hall&dtdate=05%2f07%2f2026&RecNumAndPort=218042*1,142.0,1.9,0.4,,0.5,285.1,,1.2,0.8,4.3,False,False,False,True,True
05/07/2026,2026-05-07T18:01:57,Livingston,Livingston,Lunch,POTATO HOT DOG ROLL,1 EACH,https://menuportal23.dining.rutgers.edu/FoodPronet/pickmenu.aspx?locationNum=03&locationName=Livingston+Dinning+Hall&dtdate=05/07/2026&activeMeal=Lunch&sName=Rutgers+University+Dining,https://menuportal23.dining.rutgers.edu/FoodPronet/label.aspx?locationNum=03&locationName=Livingston+Dinning+Hall&dtdate=05%2f07%2f2026&RecNumAndPort=212008*1,142.0,1.9,0.4,,0.5,285.1,,1.2,0.8,4.3,True,True,False,True,True
05/07/2026,2026-05-07T18:01:57,Livingston,Livingston,Lunch,SPICY CHICKEN CUTLET,1 EACH,https://menuportal23.dining.rutgers.edu/FoodPronet/pickmenu.aspx?locationNum=03&locationName=Livingston+Dinning+Hall&dtdate=05/07/2026&activeMeal=Lunch&sName=Rutgers+University+Dining,https://menuportal23.dining.rutgers.edu/FoodPronet/label.aspx?locationNum=03&locationName=Livingston+Dinning+Hall&dtdate=05%2f07%2f2026&RecNumAndPort=111052*1,273.0,10.1,2.0,0.0,65.8,890.1,,1.0,0.0,26.3,False,False,True,True,False
05/07/2026,2026-05-07T18:01:57,Livingston,Livingston,Lunch,TURKEY BURGER,1 EACH,https://menuportal23.dining.rutgers.edu/FoodPronet/pickmenu.aspx?locationNum=03&locationName=Livingston+Dinning+Hall&dtdate=05/07/2026&activeMeal=Lunch&sName=Rutgers+University+Dining,https://menuportal23.dining.rutgers.edu/FoodPronet/label.aspx?locationNum=03&locationName=Livingston+Dinning+Hall&dtdate=05%2f07%2f2026&RecNumAndPort=111093*1,136.0,8.0,2.4,,72.3,88.3,,0.0,0.0,16.1,False,False,False,True,True
05/07/2026,2026-05-07T18:01:57,Livingston,Livingston,Lunch,VEGETABLE BURGER,1 EACH,https://menuportal23.dining.rutgers.edu/FoodPronet/pickmenu.aspx?locationNum=03&locationName=Livingston+Dinning+Hall&dtdate=05/07/2026&activeMeal=Lunch&sName=Rutgers+University+Dining,https://menuportal23.dining.rutgers.edu/FoodPronet/label.aspx?locationNum=03&locationName=Livingston+Dinning+Hall&dtdate=05%2f07%2f2026&RecNumAndPort=143162*1,170.0,6.0,1.0,0.0,0.0,470.0,,5.0,2.0,6.0,True,True,False,True,True
05/07/2026,2026-05-07T18:01:57,Livingston,Livingston,Lunch,AVOCADO MASH,2 OZ,https://menuportal23.dining.rutgers.edu/FoodPronet/pickmenu.aspx?locationNum=03&locationName=Livingston+Dinning+Hall&dtdate=05/07/2026&activeMeal=Lunch&sName=Rutgers+University+Dining,https://menuportal23.dining.rutgers.edu/FoodPronet/label.aspx?locationNum=03&locationName=Livingston+Dinning+Hall&dtdate=05%2f07%2f2026&RecNumAndPort=130039*2,125.0,11.3,1.7,0.0,0.0,0.0,,3.4,0.0,1.1,True,True,False,True,True
05/07/2026,2026-05-07T18:01:57,Livingston,Livingston,Lunch,CHEESE SAUCE,2 OZ,https://menuportal23.dining.rutgers.edu/FoodPronet/pickmenu.aspx?locationNum=03&locationName=Livingston+Dinning+Hall&dtdate=05/07/2026&activeMeal=Lunch&sName=Rutgers+University+Dining,https://menuportal23.dining.rutgers.edu/FoodPronet/label.aspx?locationNum=03&locationName=Livingston+Dinning+Hall&dtdate=05%2f07%2f2026&RecNumAndPort=157011*2,80.0,4.6,1.5,,6.1,461.3,,0.0,0.1,1.8,True,False,False,True,True
05/07/2026,2026-05-07T18:01:57,Livingston,Livingston,Lunch,CHIPOTLE MAYO,1 OZ,https://menuportal23.dining.rutgers.edu/FoodPronet/pickmenu.aspx?locationNum=03&locationName=Livingston+Dinning+Hall&dtdate=05/07/2026&activeMeal=Lunch&sName=Rutgers+University+Dining,https://menuportal23.dining.rutgers.edu/FoodPronet/label.aspx?locationNum=03&locationName=Livingston+Dinning+Hall&dtdate=05%2f07%2f2026&RecNumAndPort=163035*1,164.0,18.1,3.3,0.0,11.9,161.2,,0.0,0.2,0.2,True,True,False,True,True
05/07/2026,2026-05-07T18:01:57,Livingston,Livingston,Lunch,FRENCH FRIES,4 OZ,https://menuportal23.dining.rutgers.edu/FoodPronet/pickmenu.aspx?locationNum=03&locationName=Livingston+Dinning+Hall&dtdate=05/07/2026&activeMeal=Lunch&sName=Rutgers+University+Dining,https://menuportal23.dining.rutgers.edu/FoodPronet/label.aspx?locationNum=03&locationName=Livingston+Dinning+Hall&dtdate=05%2f07%2f2026&RecNumAndPort=161006*4,275.0,16.4,1.5,0.0,0.0,418.5,,1.4,0.0,0.0,True,True,False,True,True
05/07/2026,2026-05-07T18:01:57,Livingston,Livingston,Lunch,LETTUCE LEAVES,2 EACH,https://menuportal23.dining.rutgers.edu/FoodPronet/pickmenu.aspx?locationNum=03&locationName=Livingston+Dinning+Hall&dtdate=05/07/2026&activeMeal=Lunch&sName=Rutgers+University+Dining,https://menuportal23.dining.rutgers.edu/FoodPronet/label.aspx?locationNum=03&locationName=Livingston+Dinning+Hall&dtdate=05%2f07%2f2026&RecNumAndPort=130203*2,6.0,0.1,0.0,0.0,0.0,4.5,,0.5,0.8,0.4,True,True,False,True,True
05/07/2026,2026-05-07T18:01:57,Livingston,Livingston,Lunch,PICKLE CHIPS,4 EACH,https://menuportal23.dining.rutgers.edu/FoodPronet/pickmenu.aspx?locationNum=03&locationName=Livingston+Dinning+Hall&dtdate=05/07/2026&activeMeal=Lunch&sName=Rutgers+University+Dining,https://menuportal23.dining.rutgers.edu/FoodPronet/label.aspx?locationNum=03&locationName=Livingston+Dinning+Hall&dtdate=05%2f07%2f2026&RecNumAndPort=150189*4,5.0,0.1,0.0,,0.0,384.5,,0.4,,0.2,True,True,False,True,True
05/07/2026,2026-05-07T18:01:57,Livingston,Livingston,Lunch,SAUTEED MUSHROOMS,3 OZ,https://menuportal23.dining.rutgers.edu/FoodPronet/pickmenu.aspx?locationNum=03&locationName=Livingston+Dinning+Hall&dtdate=05/07/2026&activeMeal=Lunch&sName=Rutgers+University+Dining,https://menuportal23.dining.rutgers.edu/FoodPronet/label.aspx?locationNum=03&locationName=Livingston+Dinning+Hall&dtdate=05%2f07%2f2026&RecNumAndPort=130162*3,48.0,3.5,1.2,0.0,0.0,127.1,,0.8,1.6,2.5,True,True,False,True,True
05/07/2026,2026-05-07T18:01:57,Livingston,Livingston,Lunch,SAUTEED ONIONS,3 OZ,https://menuportal23.dining.rutgers.edu/FoodPronet/pickmenu.aspx?locationNum=03&locationName=Livingston+Dinning+Hall&dtdate=05/07/2026&activeMeal=Lunch&sName=Rutgers+University+Dining,https://menuportal23.dining.rutgers.edu/FoodPronet/label.aspx?locationNum=03&locationName=Livingston+Dinning+Hall&dtdate=05%2f07%2f2026&RecNumAndPort=130161*3,62.0,3.3,1.2,0.0,0.0,126.3,,1.4,3.5,0.9,True,True,False,True,True
05/07/2026,2026-05-07T18:01:57,Livingston,Livingston,Lunch,SLICED CHEDDAR CHEESE,1 OZ,https://menuportal23.dining.rutgers.edu/FoodPronet/pickmenu.aspx?locationNum=03&locationName=Livingston+Dinning+Hall&dtdate=05/07/2026&activeMeal=Lunch&sName=Rutgers+University+Dining,https://menuportal23.dining.rutgers.edu/FoodPronet/label.aspx?locationNum=03&locationName=Livingston+Dinning+Hall&dtdate=05%2f07%2f2026&RecNumAndPort=150146*1,114.0,9.4,6.0,,29.8,176.1,,0.0,0.1,7.1,True,False,False,True,True
05/07/2026,2026-05-07T18:01:57,Livingston,Livingston,Lunch,SLICED JALAPENOS PEPPERS,2 OZ,https://menuportal23.dining.rutgers.edu/FoodPronet/pickmenu.aspx?locationNum=03&locationName=Livingston+Dinning+Hall&dtdate=05/07/2026&activeMeal=Lunch&sName=Rutgers+University+Dining,https://menuportal23.dining.rutgers.edu/FoodPronet/label.aspx?locationNum=03&locationName=Livingston+Dinning+Hall&dtdate=05%2f07%2f2026&RecNumAndPort=150024*2,22.0,0.3,0.0,,0.0,795.9,,0.9,,0.5,True,True,False,True,False
05/07/2026,2026-05-07T18:01:57,Livingston,Livingston,Lunch,SLICED ONIONS,1 OZ,https://menuportal23.dining.rutgers.edu/FoodPronet/pickmenu.aspx?locationNum=03&locationName=Livingston+Dinning+Hall&dtdate=05/07/2026&activeMeal=Lunch&sName=Rutgers+University+Dining,https://menuportal23.dining.rutgers.edu/FoodPronet/label.aspx?locationNum=03&locationName=Livingston+Dinning+Hall&dtdate=05%2f07%2f2026&RecNumAndPort=130217*1,11.0,0.0,0.0,0.0,0.0,1.1,,0.5,1.2,0.3,True,True,False,True,True
05/07/2026,2026-05-07T18:01:57,Livingston,Livingston,Lunch,SLICED PEPPERJACK CHEESE,1 OZ,https://menuportal23.dining.rutgers.edu/FoodPronet/pickmenu.aspx?locationNum=03&locationName=Livingston+Dinning+Hall&dtdate=05/07/2026&activeMeal=Lunch&sName=Rutgers+University+Dining,https://menuportal23.dining.rutgers.edu/FoodPronet/label.aspx?locationNum=03&locationName=Livingston+Dinning+Hall&dtdate=05%2f07%2f2026&RecNumAndPort=150147*1,106.0,8.6,5.4,,25.2,152.0,,0.0,0.1,6.9,True,False,False,True,True
05/07/2026,2026-05-07T18:01:57,Livingston,Livingston,Lunch,SLICED TOMATOES,2 SLICE,https://menuportal23.dining.rutgers.edu/FoodPronet/pickmenu.aspx?locationNum=03&locationName=Livingston+Dinning+Hall&dtdate=05/07/2026&activeMeal=Lunch&sName=Rutgers+University+Dining,https://menuportal23.dining.rutgers.edu/FoodPronet/label.aspx?locationNum=03&locationName=Livingston+Dinning+Hall&dtdate=05%2f07%2f2026&RecNumAndPort=130204*2,14.0,0.1,0.0,,0.0,10.2,,0.3,1.7,0.9,True,True,False,True,True
05/07/2026,2026-05-07T18:01:57,Livingston,Livingston,Lunch,YELLOW AMERICAN CHEESE,1 SLICE,https://menuportal23.dining.rutgers.edu/FoodPronet/pickmenu.aspx?locationNum=03&locationName=Livingston+Dinning+Hall&dtdate=05/07/2026&activeMeal=Lunch&sName=Rutgers+University+Dining,https://menuportal23.dining.rutgers.edu/FoodPronet/label.aspx?locationNum=03&locationName=Livingston+Dinning+Hall&dtdate=05%2f07%2f2026&RecNumAndPort=150172*1,69.0,6.0,5.2,,12.9,240.5,,0.0,0.0,4.3,True,False,False,True,True
05/07/2026,2026-05-07T18:01:57,Livingston,Livingston,Lunch,"6"" FLOUR TORTILLA",1 EACH,https://menuportal23.dining.rutgers.edu/FoodPronet/pickmenu.aspx?locationNum=03&locationName=Livingston+Dinning+Hall&dtdate=05/07/2026&activeMeal=Lunch&sName=Rutgers+University+Dining,https://menuportal23.dining.rutgers.edu/FoodPronet/label.aspx?locationNum=03&locationName=Livingston+Dinning+Hall&dtdate=05%2f07%2f2026&RecNumAndPort=150002*1,94.0,1.7,0.5,0.0,0.0,218.9,,0.7,0.3,2.7,True,True,False,True,True
05/07/2026,2026-05-07T18:01:57,Livingston,Livingston,Lunch,BEEF TACOS,3 OZ,https://menuportal23.dining.rutgers.edu/FoodPronet/pickmenu.aspx?locationNum=03&locationName=Livingston+Dinning+Hall&dtdate=05/07/2026&activeMeal=Lunch&sName=Rutgers+University+Dining,https://menuportal23.dining.rutgers.edu/FoodPronet/label.aspx?locationNum=03&locationName=Livingston+Dinning+Hall&dtdate=05%2f07%2f2026&RecNumAndPort=019801*3,210.0,13.3,4.9,0.0,46.9,179.6,,1.3,1.7,13.7,False,False,False,True,True
05/07/2026,2026-05-07T18:01:57,Livingston,Livingston,Lunch,HOMESTYLE REFRIED BEANS,4 OZ,https://menuportal23.dining.rutgers.edu/FoodPronet/pickmenu.aspx?locationNum=03&locationName=Livingston+Dinning+Hall&dtdate=05/07/2026&activeMeal=Lunch&sName=Rutgers+University+Dining,https://menuportal23.dining.rutgers.edu/FoodPronet/label.aspx?locationNum=03&locationName=Livingston+Dinning+Hall&dtdate=05%2f07%2f2026&RecNumAndPort=143058*4,105.0,2.0,0.3,,0.1,487.3,,5.0,2.8,6.8,True,True,False,True,True
05/07/2026,2026-05-07T18:01:57,Livingston,Livingston,Lunch,PICO DE GALLO,2 OZ,https://menuportal23.dining.rutgers.edu/FoodPronet/pickmenu.aspx?locationNum=03&locationName=Livingston+Dinning+Hall&dtdate=05/07/2026&activeMeal=Lunch&sName=Rutgers+University+Dining,https://menuportal23.dining.rutgers.edu/FoodPronet/label.aspx?locationNum=03&locationName=Livingston+Dinning+Hall&dtdate=05%2f07%2f2026&RecNumAndPort=157111*2,28.0,2.2,0.3,0.0,0.0,449.0,,0.3,1.0,0.5,True,True,False,True,True
05/07/2026,2026-05-07T18:01:57,Livingston,Livingston,Lunch,PULLED CHICKEN TACO MEAT,3 OZ,https://menuportal23.dining.rutgers.edu/FoodPronet/pickmenu.aspx?locationNum=03&locationName=Livingston+Dinning+Hall&dtdate=05/07/2026&activeMeal=Lunch&sName=Rutgers+University+Dining,https://menuportal23.dining.rutgers.edu/FoodPronet/label.aspx?locationNum=03&locationName=Livingston+Dinning+Hall&dtdate=05%2f07%2f2026&RecNumAndPort=111236*3,124.0,4.3,1.2,0.0,48.0,245.8,,0.9,1.7,16.5,False,False,False,True,True
05/07/2026,2026-05-07T18:01:57,Livingston,Livingston,Lunch,RIPE SLICED OLIVES,1 OZ,https://menuportal23.dining.rutgers.edu/FoodPronet/pickmenu.aspx?locationNum=03&locationName=Livingston+Dinning+Hall&dtdate=05/07/2026&activeMeal=Lunch&sName=Rutgers+University+Dining,https://menuportal23.dining.rutgers.edu/FoodPronet/label.aspx?locationNum=03&locationName=Livingston+Dinning+Hall&dtdate=05%2f07%2f2026&RecNumAndPort=150014*1,33.0,3.0,0.4,0.0,0.0,208.4,,0.9,0.0,0.2,True,True,False,True,True
05/07/2026,2026-05-07T18:01:57,Livingston,Livingston,Lunch,SALSA,2 OZ,https://menuportal23.dining.rutgers.edu/FoodPronet/pickmenu.aspx?locationNum=03&locationName=Livingston+Dinning+Hall&dtdate=05/07/2026&activeMeal=Lunch&sName=Rutgers+University+Dining,https://menuportal23.dining.rutgers.edu/FoodPronet/label.aspx?locationNum=03&locationName=Livingston+Dinning+Hall&dtdate=05%2f07%2f2026&RecNumAndPort=150013*2,21.0,0.0,,,,330.7,,,2.1,0.0,True,True,False,True,True
05/07/2026,2026-05-07T18:01:57,Livingston,Livingston,Lunch,SHREDDED CHEDDAR JACK CHEESE,2 OZ,https://menuportal23.dining.rutgers.edu/FoodPronet/pickmenu.aspx?locationNum=03&locationName=Livingston+Dinning+Hall&dtdate=05/07/2026&activeMeal=Lunch&sName=Rutgers+University+Dining,https://menuportal23.dining.rutgers.edu/FoodPronet/label.aspx?locationNum=03&locationName=Livingston+Dinning+Hall&dtdate=05%2f07%2f2026&RecNumAndPort=150026*2,218.0,17.4,13.1,0.0,54.5,370.7,,0.0,0.0,13.1,True,False,False,True,True
05/07/2026,2026-05-07T18:01:57,Livingston,Livingston,Lunch,SHREDDED LETTUCE,1 OZ,https://menuportal23.dining.rutgers.edu/FoodPronet/pickmenu.aspx?locationNum=03&locationName=Livingston+Dinning+Hall&dtdate=05/07/2026&activeMeal=Lunch&sName=Rutgers+University+Dining,https://menuportal23.dining.rutgers.edu/FoodPronet/label.aspx?locationNum=03&locationName=Livingston+Dinning+Hall&dtdate=05%2f07%2f2026&RecNumAndPort=130048*1,4.0,0.0,0.0,0.0,0.0,2.8,,0.3,0.6,0.3,True,True,False,True,True
05/07/2026,2026-05-07T18:01:57,Livingston,Livingston,Lunch,SOUR CREAM,1 OZ,https://menuportal23.dining.rutgers.edu/FoodPronet/pickmenu.aspx?locationNum=03&locationName=Livingston+Dinning+Hall&dtdate=05/07/2026&activeMeal=Lunch&sName=Rutgers+University+Dining,https://menuportal23.dining.rutgers.edu/FoodPronet/label.aspx?locationNum=03&locationName=Livingston+Dinning+Hall&dtdate=05%2f07%2f2026&RecNumAndPort=150023*1,55.0,5.6,3.3,0.2,14.7,22.7,,0.0,0.8,0.6,True,False,False,True,True
05/07/2026,2026-05-07T18:01:57,Livingston,Livingston,Lunch,SPANISH RICE,4 OZ,https://menuportal23.dining.rutgers.edu/FoodPronet/pickmenu.aspx?locationNum=03&locationName=Livingston+Dinning+Hall&dtdate=05/07/2026&activeMeal=Lunch&sName=Rutgers+University+Dining,https://menuportal23.dining.rutgers.edu/FoodPronet/label.aspx?locationNum=03&locationName=Livingston+Dinning+Hall&dtdate=05%2f07%2f2026&RecNumAndPort=163024*4,92.0,3.0,1.1,0.0,0.0,891.3,,0.7,3.7,1.4,True,True,False,True,False
05/07/2026,2026-05-07T18:01:57,Livingston,Livingston,Lunch,BAKED BROWN RICE,2 OZ,https://menuportal23.dining.rutgers.edu/FoodPronet/pickmenu.aspx?locationNum=03&locationName=Livingston+Dinning+Hall&dtdate=05/07/2026&activeMeal=Lunch&sName=Rutgers+University+Dining,https://menuportal23.dining.rutgers.edu/FoodPronet/label.aspx?locationNum=03&locationName=Livingston+Dinning+Hall&dtdate=05%2f07%2f2026&RecNumAndPort=163001*2,101.0,0.8,0.2,0.0,0.0,59.5,,1.0,0.2,2.2,True,True,False,True,True
05/07/2026,2026-05-07T18:01:57,Livingston,Livingston,Lunch,CHICKEN &GOBI 65,6 OZ,https://menuportal23.dining.rutgers.edu/FoodPronet/pickmenu.aspx?locationNum=03&locationName=Livingston+Dinning+Hall&dtdate=05/07/2026&activeMeal=Lunch&sName=Rutgers+University+Dining,https://menuportal23.dining.rutgers.edu/FoodPronet/label.aspx?locationNum=03&locationName=Livingston+Dinning+Hall&dtdate=05%2f07%2f2026&RecNumAndPort=111061*6,190.0,8.8,1.3,0.0,40.5,436.5,,1.7,3.3,16.9,False,False,False,True,True
05/07/2026,2026-05-07T18:01:57,Livingston,Livingston,Lunch,CRISPY POTATO & PEA SAMOSA,3 EACH,https://menuportal23.dining.rutgers.edu/FoodPronet/pickmenu.aspx?locationNum=03&locationName=Livingston+Dinning+Hall&dtdate=05/07/2026&activeMeal=Lunch&sName=Rutgers+University+Dining,https://menuportal23.dining.rutgers.edu/FoodPronet/label.aspx?locationNum=03&locationName=Livingston+Dinning+Hall&dtdate=05%2f07%2f2026&RecNumAndPort=143027*3,403.0,30.4,3.4,,0.0,750.0,,1.5,1.5,6.0,True,True,False,False,False
05/07/2026,2026-05-07T18:01:57,Livingston,Livingston,Lunch,JASMINE RICE,4 OZ,https://menuportal23.dining.rutgers.edu/FoodPronet/pickmenu.aspx?locationNum=03&locationName=Livingston+Dinning+Hall&dtdate=05/07/2026&activeMeal=Lunch&sName=Rutgers+University+Dining,https://menuportal23.dining.rutgers.edu/FoodPronet/label.aspx?locationNum=03&locationName=Livingston+Dinning+Hall&dtdate=05%2f07%2f2026&RecNumAndPort=163022*4,210.0,0.0,0.0,0.0,0.0,446.2,,1.3,0.0,3.9,True,True,False,True,True
05/07/2026,2026-05-07T18:01:57,Livingston,Livingston,Lunch,TAMARIND CHUTNEY,1 OZ,https://menuportal23.dining.rutgers.edu/FoodPronet/pickmenu.aspx?locationNum=03&locationName=Livingston+Dinning+Hall&dtdate=05/07/2026&activeMeal=Lunch&sName=Rutgers+University+Dining,https://menuportal23.dining.rutgers.edu/FoodPronet/label.aspx?locationNum=03&locationName=Livingston+Dinning+Hall&dtdate=05%2f07%2f2026&RecNumAndPort=705143*1,71.0,0.0,0.0,0.0,0.0,151.9,,0.0,15.2,0.0,True,True,False,True,True
05/07/2026,2026-05-07T18:01:57,Livingston,Livingston,Lunch,VEGETABLE LO MEIN,6 OZ,https://menuportal23.dining.rutgers.edu/FoodPronet/pickmenu.aspx?locationNum=03&locationName=Livingston+Dinning+Hall&dtdate=05/07/2026&activeMeal=Lunch&sName=Rutgers+University+Dining,https://menuportal23.dining.rutgers.edu/FoodPronet/label.aspx?locationNum=03&locationName=Livingston+Dinning+Hall&dtdate=05%2f07%2f2026&RecNumAndPort=143154*6,354.0,19.0,3.8,0.0,0.0,358.9,,3.6,3.2,8.3,True,True,False,True,True
05/07/2026,2026-05-07T18:01:57,Livingston,Livingston,Lunch,ALFREDO SAUCE,4 OZL,https://menuportal23.dining.rutgers.edu/FoodPronet/pickmenu.aspx?locationNum=03&locationName=Livingston+Dinning+Hall&dtdate=05/07/2026&activeMeal=Lunch&sName=Rutgers+University+Dining,https://menuportal23.dining.rutgers.edu/FoodPronet/label.aspx?locationNum=03&locationName=Livingston+Dinning+Hall&dtdate=05%2f07%2f2026&RecNumAndPort=157009*4,306.0,28.2,17.3,0.9,82.7,308.8,,0.2,0.2,5.5,True,True,False,True,True
05/07/2026,2026-05-07T18:01:57,Livingston,Livingston,Lunch,CHEESE PIZZA,1 SLICE,https://menuportal23.dining.rutgers.edu/FoodPronet/pickmenu.aspx?locationNum=03&locationName=Livingston+Dinning+Hall&dtdate=05/07/2026&activeMeal=Lunch&sName=Rutgers+University+Dining,https://menuportal23.dining.rutgers.edu/FoodPronet/label.aspx?locationNum=03&locationName=Livingston+Dinning+Hall&dtdate=05%2f07%2f2026&RecNumAndPort=130298*1,176.0,5.9,2.8,0.0,13.5,283.1,,1.9,2.7,8.6,True,False,False,True,True
05/07/2026,2026-05-07T18:01:57,Livingston,Livingston,Lunch,CHICKEN VODKA PIZZA,1 SLICE,https://menuportal23.dining.rutgers.edu/FoodPronet/pickmenu.aspx?locationNum=03&locationName=Livingston+Dinning+Hall&dtdate=05/07/2026&activeMeal=Lunch&sName=Rutgers+University+Dining,https://menuportal23.dining.rutgers.edu/FoodPronet/label.aspx?locationNum=03&locationName=Livingston+Dinning+Hall&dtdate=05%2f07%2f2026&RecNumAndPort=130356*1,218.0,8.2,4.0,0.1,31.7,288.5,,1.8,2.3,13.4,False,False,False,True,True
05/07/2026,2026-05-07T18:01:57,Livingston,Livingston,Lunch,"HAND TOSSED OLIVE, MUSHROOM, ROAST RED PEPPER PIZZA",1 SLICE,https://menuportal23.dining.rutgers.edu/FoodPronet/pickmenu.aspx?locationNum=03&locationName=Livingston+Dinning+Hall&dtdate=05/07/2026&activeMeal=Lunch&sName=Rutgers+University+Dining,https://menuportal23.dining.rutgers.edu/FoodPronet/label.aspx?locationNum=03&locationName=Livingston+Dinning+Hall&dtdate=05%2f07%2f2026&RecNumAndPort=130328*1,181.0,6.1,2.8,0.0,13.5,365.3,,2.1,2.8,8.9,True,True,False,True,True
05/07/2026,2026-05-07T18:01:57,Livingston,Livingston,Lunch,HAND TOSSED WHITE PIZZA,1 SLICE,https://menuportal23.dining.rutgers.edu/FoodPronet/pickmenu.aspx?locationNum=03&locationName=Livingston+Dinning+Hall&dtdate=05/07/2026&activeMeal=Lunch&sName=Rutgers+University+Dining,https://menuportal23.dining.rutgers.edu/FoodPronet/label.aspx?locationNum=03&locationName=Livingston+Dinning+Hall&dtdate=05%2f07%2f2026&RecNumAndPort=130280*1,195.0,8.3,4.5,0.1,24.0,253.5,,1.7,1.8,9.2,True,True,False,True,True
05/07/2026,2026-05-07T18:01:57,Livingston,Livingston,Lunch,ORECCHIETTE PASTA,4 OZ,https://menuportal23.dining.rutgers.edu/FoodPronet/pickmenu.aspx?locationNum=03&locationName=Livingston+Dinning+Hall&dtdate=05/07/2026&activeMeal=Lunch&sName=Rutgers+University+Dining,https://menuportal23.dining.rutgers.edu/FoodPronet/label.aspx?locationNum=03&locationName=Livingston+Dinning+Hall&dtdate=05%2f07%2f2026&RecNumAndPort=140017*4,211.0,1.3,0.3,0.0,0.0,8.2,,1.8,2.3,7.7,True,True,False,True,True
05/07/2026,2026-05-07T18:01:57,Livingston,Livingston,Lunch,PIZZA TURKEY PEPPERONI,1 SLICE,https://menuportal23.dining.rutgers.edu/FoodPronet/pickmenu.aspx?locationNum=03&locationName=Livingston+Dinning+Hall&dtdate=05/07/2026&activeMeal=Lunch&sName=Rutgers+University+Dining,https://menuportal23.dining.rutgers.edu/FoodPronet/label.aspx?locationNum=03&locationName=Livingston+Dinning+Hall&dtdate=05%2f07%2f2026&RecNumAndPort=130308*1,186.0,6.4,2.9,0.0,17.7,337.1,,1.9,2.9,9.7,False,False,False,True,True
05/07/2026,2026-05-07T18:01:57,Livingston,Livingston,Lunch,PLAIN TOMATO SAUCE,4 OZL,https://menuportal23.dining.rutgers.edu/FoodPronet/pickmenu.aspx?locationNum=03&locationName=Livingston+Dinning+Hall&dtdate=05/07/2026&activeMeal=Lunch&sName=Rutgers+University+Dining,https://menuportal23.dining.rutgers.edu/FoodPronet/label.aspx?locationNum=03&locationName=Livingston+Dinning+Hall&dtdate=05%2f07%2f2026&RecNumAndPort=157171*4,39.0,1.9,0.4,0.0,0.0,159.9,,1.1,3.4,1.1,True,True,False,True,True
05/07/2026,2026-05-07T18:01:57,Livingston,Livingston,Lunch,TORTELLINI PRIMA AIOLI,6 OZ,https://menuportal23.dining.rutgers.edu/FoodPronet/pickmenu.aspx?locationNum=03&locationName=Livingston+Dinning+Hall&dtdate=05/07/2026&activeMeal=Lunch&sName=Rutgers+University+Dining,https://menuportal23.dining.rutgers.edu/FoodPronet/label.aspx?locationNum=03&locationName=Livingston+Dinning+Hall&dtdate=05%2f07%2f2026&RecNumAndPort=140067*6,311.0,16.6,3.2,0.0,6.8,881.5,,3.6,2.2,7.7,True,True,False,True,False
05/07/2026,2026-05-07T18:01:57,Livingston,Livingston,Lunch,GRILLED CHICKEN BREAST 4OZ,4 OZ,https://menuportal23.dining.rutgers.edu/FoodPronet/pickmenu.aspx?locationNum=03&locationName=Livingston+Dinning+Hall&dtdate=05/07/2026&activeMeal=Lunch&sName=Rutgers+University+Dining,https://menuportal23.dining.rutgers.edu/FoodPronet/label.aspx?locationNum=03&locationName=Livingston+Dinning+Hall&dtdate=05%2f07%2f2026&RecNumAndPort=111241*4,142.0,4.2,0.7,0.0,80.5,124.8,,0.0,0.0,25.4,False,False,True,True,True
05/07/2026,2026-05-07T18:01:57,Livingston,Livingston,Lunch,HONEY THAI CHILI GLAZED CHICKEN WINGS,6 OZ,https://menuportal23.dining.rutgers.edu/FoodPronet/pickmenu.aspx?locationNum=03&locationName=Livingston+Dinning+Hall&dtdate=05/07/2026&activeMeal=Lunch&sName=Rutgers+University+Dining,https://menuportal23.dining.rutgers.edu/FoodPronet/label.aspx?locationNum=03&locationName=Livingston+Dinning+Hall&dtdate=05%2f07%2f2026&RecNumAndPort=111022*6,445.0,29.8,8.0,0.3,132.3,1752.8,,0.0,6.8,32.4,False,False,True,False,False
05/07/2026,2026-05-07T18:01:57,Livingston,Livingston,Lunch,POTATO WEDGES WITH JERK SEASONING,4 OZ,https://menuportal23.dining.rutgers.edu/FoodPronet/pickmenu.aspx?locationNum=03&locationName=Livingston+Dinning+Hall&dtdate=05/07/2026&activeMeal=Lunch&sName=Rutgers+University+Dining,https://menuportal23.dining.rutgers.edu/FoodPronet/label.aspx?locationNum=03&locationName=Livingston+Dinning+Hall&dtdate=05%2f07%2f2026&RecNumAndPort=130454*4,147.0,5.3,0.7,0.0,0.0,850.5,,0.6,0.0,3.9,True,True,False,True,False
05/07/2026,2026-05-07T18:01:57,Livingston,Livingston,Lunch,ROAST BEEF,3 OZ,https://menuportal23.dining.rutgers.edu/FoodPronet/pickmenu.aspx?locationNum=03&locationName=Livingston+Dinning+Hall&dtdate=05/07/2026&activeMeal=Lunch&sName=Rutgers+University+Dining,https://menuportal23.dining.rutgers.edu/FoodPronet/label.aspx?locationNum=03&locationName=Livingston+Dinning+Hall&dtdate=05%2f07%2f2026&RecNumAndPort=019813*3,299.0,22.9,9.3,0.0,77.1,390.1,,0.3,0.5,20.8,False,False,True,True,True
05/07/2026,2026-05-07T18:01:57,Livingston,Livingston,Lunch,ROTISSERIE ROASTED VEGETABLE MEDLEY,3 OZ,https://menuportal23.dining.rutgers.edu/FoodPronet/pickmenu.aspx?locationNum=03&locationName=Livingston+Dinning+Hall&dtdate=05/07/2026&activeMeal=Lunch&sName=Rutgers+University+Dining,https://menuportal23.dining.rutgers.edu/FoodPronet/label.aspx?locationNum=03&locationName=Livingston+Dinning+Hall&dtdate=05%2f07%2f2026&RecNumAndPort=111303*3,42.0,1.3,0.2,0.0,0.0,76.0,,2.7,2.1,2.1,True,True,False,True,True
05/07/2026,2026-05-07T18:01:57,Livingston,Livingston,Lunch,SALMON W/ LEMON & LIME SAUCE,4 OZ,https://menuportal23.dining.rutgers.edu/FoodPronet/pickmenu.aspx?locationNum=03&locationName=Livingston+Dinning+Hall&dtdate=05/07/2026&activeMeal=Lunch&sName=Rutgers+University+Dining,https://menuportal23.dining.rutgers.edu/FoodPronet/label.aspx?locationNum=03&locationName=Livingston+Dinning+Hall&dtdate=05%2f07%2f2026&RecNumAndPort=170027*4,293.0,19.3,6.1,0.0,52.2,321.8,,0.6,0.3,23.4,False,False,True,True,True
05/07/2026,2026-05-07T18:01:57,Livingston,Livingston,Lunch,VEGAN DEMI GLAZE,2 OZ,https://menuportal23.dining.rutgers.edu/FoodPronet/pickmenu.aspx?locationNum=03&locationName=Livingston+Dinning+Hall&dtdate=05/07/2026&activeMeal=Lunch&sName=Rutgers+University+Dining,https://menuportal23.dining.rutgers.edu/FoodPronet/label.aspx?locationNum=03&locationName=Livingston+Dinning+Hall&dtdate=05%2f07%2f2026&RecNumAndPort=157026*2,33.0,2.7,0.4,0.0,0.2,258.0,,0.0,0.0,0.3,True,True,False,True,True
05/07/2026,2026-05-07T18:01:57,Livingston,Livingston,Lunch,ROASTED BROCCOLI,3 OZ,https://menuportal23.dining.rutgers.edu/FoodPronet/pickmenu.aspx?locationNum=03&locationName=Livingston+Dinning+Hall&dtdate=05/07/2026&activeMeal=Lunch&sName=Rutgers+University+Dining,https://menuportal23.dining.rutgers.edu/FoodPronet/label.aspx?locationNum=03&locationName=Livingston+Dinning+Hall&dtdate=05%2f07%2f2026&RecNumAndPort=129950*3,75.0,5.2,0.7,0.0,0.0,86.3,,1.9,1.4,2.5,True,True,False,True,True
05/07/2026,2026-05-07T18:01:57,Livingston,Livingston,Lunch,"ROASTED MUSHROOM, PEPPER, AND ONION",3 OZ,https://menuportal23.dining.rutgers.edu/FoodPronet/pickmenu.aspx?locationNum=03&locationName=Livingston+Dinning+Hall&dtdate=05/07/2026&activeMeal=Lunch&sName=Rutgers+University+Dining,https://menuportal23.dining.rutgers.edu/FoodPronet/label.aspx?locationNum=03&locationName=Livingston+Dinning+Hall&dtdate=05%2f07%2f2026&RecNumAndPort=129982*3,67.0,5.1,0.7,0.0,0.0,46.0,,1.3,2.5,1.8,True,True,False,True,True
05/07/2026,2026-05-07T18:01:57,Livingston,Livingston,Lunch,ROASTED PARSNIP PEPPERS AND CARROTS,3 OZ,https://menuportal23.dining.rutgers.edu/FoodPronet/pickmenu.aspx?locationNum=03&locationName=Livingston+Dinning+Hall&dtdate=05/07/2026&activeMeal=Lunch&sName=Rutgers+University+Dining,https://menuportal23.dining.rutgers.edu/FoodPronet/label.aspx?locationNum=03&locationName=Livingston+Dinning+Hall&dtdate=05%2f07%2f2026&RecNumAndPort=129991*3,82.0,5.1,0.7,0.0,0.0,61.7,,2.2,3.2,1.0,True,True,False,True,True
05/07/2026,2026-05-07T18:01:57,Livingston,Livingston,Lunch,ROASTED SWEET POTATOES,3 OZ,https://menuportal23.dining.rutgers.edu/FoodPronet/pickmenu.aspx?locationNum=03&locationName=Livingston+Dinning+Hall&dtdate=05/07/2026&activeMeal=Lunch&sName=Rutgers+University+Dining,https://menuportal23.dining.rutgers.edu/FoodPronet/label.aspx?locationNum=03&locationName=Livingston+Dinning+Hall&dtdate=05%2f07%2f2026&RecNumAndPort=129983*3,117.0,4.9,0.7,0.0,0.0,85.3,,2.7,3.7,1.5,True,True,False,True,True
05/07/2026,2026-05-07T18:01:57,Livingston,Livingston,Lunch,MONGOLIAN STATION,1 EACH,https://menuportal23.dining.rutgers.edu/FoodPronet/pickmenu.aspx?locationNum=03&locationName=Livingston+Dinning+Hall&dtdate=05/07/2026&activeMeal=Lunch&sName=Rutgers+University+Dining,https://menuportal23.dining.rutgers.edu/FoodPronet/label.aspx?locationNum=03&locationName=Livingston+Dinning+Hall&dtdate=05%2f07%2f2026&RecNumAndPort=155041*1,0.0,0.0,0.0,0.0,0.0,0.0,,0.0,0.0,0.0,True,True,False,True,True
05/07/2026,2026-05-07T18:01:57,Livingston,Livingston,Lunch,PASTA STATION,1 EACH,https://menuportal23.dining.rutgers.edu/FoodPronet/pickmenu.aspx?locationNum=03&locationName=Livingston+Dinning+Hall&dtdate=05/07/2026&activeMeal=Lunch&sName=Rutgers+University+Dining,https://menuportal23.dining.rutgers.edu/FoodPronet/label.aspx?locationNum=03&locationName=Livingston+Dinning+Hall&dtdate=05%2f07%2f2026&RecNumAndPort=155026*1,0.0,0.0,0.0,0.0,0.0,0.0,,0.0,0.0,0.0,True,True,False,True,True
05/07/2026,2026-05-07T18:01:57,Livingston,Livingston,Lunch,TACO BAR,1 EACH,https://menuportal23.dining.rutgers.edu/FoodPronet/pickmenu.aspx?locationNum=03&locationName=Livingston+Dinning+Hall&dtdate=05/07/2026&activeMeal=Lunch&sName=Rutgers+University+Dining,https://menuportal23.dining.rutgers.edu/FoodPronet/label.aspx?locationNum=03&locationName=Livingston+Dinning+Hall&dtdate=05%2f07%2f2026&RecNumAndPort=155037*1,0.0,0.0,0.0,0.0,0.0,0.0,,0.0,0.0,0.0,True,True,False,True,True
05/07/2026,2026-05-07T18:01:57,Livingston,Livingston,Dinner,BEEF FAJITA SOUP,6 OZ,https://menuportal23.dining.rutgers.edu/FoodPronet/pickmenu.aspx?locationNum=03&locationName=Livingston+Dinning+Hall&dtdate=05/07/2026&activeMeal=Dinner&sName=Rutgers+University+Dining,https://menuportal23.dining.rutgers.edu/FoodPronet/label.aspx?locationNum=03&locationName=Livingston+Dinning+Hall&dtdate=05%2f07%2f2026&RecNumAndPort=020060*6,161.0,3.9,1.3,0.0,42.5,363.8,,2.3,2.3,19.2,False,False,False,True,True
05/07/2026,2026-05-07T18:01:57,Livingston,Livingston,Dinner,CHEESE AND BROCCOLI SOUP,6 OZ,https://menuportal23.dining.rutgers.edu/FoodPronet/pickmenu.aspx?locationNum=03&locationName=Livingston+Dinning+Hall&dtdate=05/07/2026&activeMeal=Dinner&sName=Rutgers+University+Dining,https://menuportal23.dining.rutgers.edu/FoodPronet/label.aspx?locationNum=03&locationName=Livingston+Dinning+Hall&dtdate=05%2f07%2f2026&RecNumAndPort=020001*6,152.0,7.2,4.0,0.0,17.4,521.0,,1.8,3.7,7.0,True,False,False,True,True
05/07/2026,2026-05-07T18:01:57,Livingston,Livingston,Dinner,BLACK BEAN BURGER,1 EACH,https://menuportal23.dining.rutgers.edu/FoodPronet/pickmenu.aspx?locationNum=03&locationName=Livingston+Dinning+Hall&dtdate=05/07/2026&activeMeal=Dinner&sName=Rutgers+University+Dining,https://menuportal23.dining.rutgers.edu/FoodPronet/label.aspx?locationNum=03&locationName=Livingston+Dinning+Hall&dtdate=05%2f07%2f2026&RecNumAndPort=019105*1,146.0,6.7,0.0,0.0,0.0,416.1,,3.5,0.0,6.2,True,True,False,True,True
05/07/2026,2026-05-07T18:01:57,Livingston,Livingston,Dinner,BREADED CHICKEN CUTLET,1 EACH,https://menuportal23.dining.rutgers.edu/FoodPronet/pickmenu.aspx?locationNum=03&locationName=Livingston+Dinning+Hall&dtdate=05/07/2026&activeMeal=Dinner&sName=Rutgers+University+Dining,https://menuportal23.dining.rutgers.edu/FoodPronet/label.aspx?locationNum=03&locationName=Livingston+Dinning+Hall&dtdate=05%2f07%2f2026&RecNumAndPort=111051*1,273.0,10.1,2.0,0.0,65.8,688.5,,1.0,0.0,26.3,False,False,True,True,False
05/07/2026,2026-05-07T18:01:57,Livingston,Livingston,Dinner,GRILLED HOT DOGS,1 EACH,https://menuportal23.dining.rutgers.edu/FoodPronet/pickmenu.aspx?locationNum=03&locationName=Livingston+Dinning+Hall&dtdate=05/07/2026&activeMeal=Dinner&sName=Rutgers+University+Dining,https://menuportal23.dining.rutgers.edu/FoodPronet/label.aspx?locationNum=03&locationName=Livingston+Dinning+Hall&dtdate=05%2f07%2f2026&RecNumAndPort=800009*1,239.0,22.5,6.6,0.7,19.9,530.5,,0.0,0.0,9.3,True,True,False,True,True
05/07/2026,2026-05-07T18:01:57,Livingston,Livingston,Dinner,HALAL HAMBURGER,1 EACH,https://menuportal23.dining.rutgers.edu/FoodPronet/pickmenu.aspx?locationNum=03&locationName=Livingston+Dinning+Hall&dtdate=05/07/2026&activeMeal=Dinner&sName=Rutgers+University+Dining,https://menuportal23.dining.rutgers.edu/FoodPronet/label.aspx?locationNum=03&locationName=Livingston+Dinning+Hall&dtdate=05%2f07%2f2026&RecNumAndPort=019084*1,146.0,8.3,3.3,,35.5,246.3,,0.0,,13.4,False,False,False,True,True
05/07/2026,2026-05-07T18:01:57,Livingston,Livingston,Dinner,HAMBURGER POTATO BUN,1 EACH,https://menuportal23.dining.rutgers.edu/FoodPronet/pickmenu.aspx?locationNum=03&locationName=Livingston+Dinning+Hall&dtdate=05/07/2026&activeMeal=Dinner&sName=Rutgers+University+Dining,https://menuportal23.dining.rutgers.edu/FoodPronet/label.aspx?locationNum=03&locationName=Livingston+Dinning+Hall&dtdate=05%2f07%2f2026&RecNumAndPort=218042*1,142.0,1.9,0.4,,0.5,285.1,,1.2,0.8,4.3,False,False,False,True,True
05/07/2026,2026-05-07T18:01:57,Livingston,Livingston,Dinner,POTATO HOT DOG ROLL,1 EACH,https://menuportal23.dining.rutgers.edu/FoodPronet/pickmenu.aspx?locationNum=03&locationName=Livingston+Dinning+Hall&dtdate=05/07/2026&activeMeal=Dinner&sName=Rutgers+University+Dining,https://menuportal23.dining.rutgers.edu/FoodPronet/label.aspx?locationNum=03&locationName=Livingston+Dinning+Hall&dtdate=05%2f07%2f2026&RecNumAndPort=212008*1,142.0,1.9,0.4,,0.5,285.1,,1.2,0.8,4.3,True,True,False,True,True
05/07/2026,2026-05-07T18:01:57,Livingston,Livingston,Dinner,SPICY CHICKEN CUTLET,1 EACH,https://menuportal23.dining.rutgers.edu/FoodPronet/pickmenu.aspx?locationNum=03&locationName=Livingston+Dinning+Hall&dtdate=05/07/2026&activeMeal=Dinner&sName=Rutgers+University+Dining,https://menuportal23.dining.rutgers.edu/FoodPronet/label.aspx?locationNum=03&locationName=Livingston+Dinning+Hall&dtdate=05%2f07%2f2026&RecNumAndPort=111052*1,273.0,10.1,2.0,0.0,65.8,890.1,,1.0,0.0,26.3,False,False,True,True,False
05/07/2026,2026-05-07T18:01:57,Livingston,Livingston,Dinner,TURKEY BURGER,1 EACH,https://menuportal23.dining.rutgers.edu/FoodPronet/pickmenu.aspx?locationNum=03&locationName=Livingston+Dinning+Hall&dtdate=05/07/2026&activeMeal=Dinner&sName=Rutgers+University+Dining,https://menuportal23.dining.rutgers.edu/FoodPronet/label.aspx?locationNum=03&locationName=Livingston+Dinning+Hall&dtdate=05%2f07%2f2026&RecNumAndPort=111093*1,136.0,8.0,2.4,,72.3,88.3,,0.0,0.0,16.1,False,False,False,True,True
05/07/2026,2026-05-07T18:01:57,Livingston,Livingston,Dinner,VEGETABLE BURGER,1 EACH,https://menuportal23.dining.rutgers.edu/FoodPronet/pickmenu.aspx?locationNum=03&locationName=Livingston+Dinning+Hall&dtdate=05/07/2026&activeMeal=Dinner&sName=Rutgers+University+Dining,https://menuportal23.dining.rutgers.edu/FoodPronet/label.aspx?locationNum=03&locationName=Livingston+Dinning+Hall&dtdate=05%2f07%2f2026&RecNumAndPort=143162*1,170.0,6.0,1.0,0.0,0.0,470.0,,5.0,2.0,6.0,True,True,False,True,True
05/07/2026,2026-05-07T18:01:57,Livingston,Livingston,Dinner,AVOCADO MASH,2 OZ,https://menuportal23.dining.rutgers.edu/FoodPronet/pickmenu.aspx?locationNum=03&locationName=Livingston+Dinning+Hall&dtdate=05/07/2026&activeMeal=Dinner&sName=Rutgers+University+Dining,https://menuportal23.dining.rutgers.edu/FoodPronet/label.aspx?locationNum=03&locationName=Livingston+Dinning+Hall&dtdate=05%2f07%2f2026&RecNumAndPort=130039*2,125.0,11.3,1.7,0.0,0.0,0.0,,3.4,0.0,1.1,True,True,False,True,True
05/07/2026,2026-05-07T18:01:57,Livingston,Livingston,Dinner,CHEESE SAUCE,2 OZ,https://menuportal23.dining.rutgers.edu/FoodPronet/pickmenu.aspx?locationNum=03&locationName=Livingston+Dinning+Hall&dtdate=05/07/2026&activeMeal=Dinner&sName=Rutgers+University+Dining,https://menuportal23.dining.rutgers.edu/FoodPronet/label.aspx?locationNum=03&locationName=Livingston+Dinning+Hall&dtdate=05%2f07%2f2026&RecNumAndPort=157011*2,80.0,4.6,1.5,,6.1,461.3,,0.0,0.1,1.8,True,False,False,True,True
05/07/2026,2026-05-07T18:01:57,Livingston,Livingston,Dinner,CHIPOTLE MAYO,1 OZ,https://menuportal23.dining.rutgers.edu/FoodPronet/pickmenu.aspx?locationNum=03&locationName=Livingston+Dinning+Hall&dtdate=05/07/2026&activeMeal=Dinner&sName=Rutgers+University+Dining,https://menuportal23.dining.rutgers.edu/FoodPronet/label.aspx?locationNum=03&locationName=Livingston+Dinning+Hall&dtdate=05%2f07%2f2026&RecNumAndPort=163035*1,164.0,18.1,3.3,0.0,11.9,161.2,,0.0,0.2,0.2,True,True,False,True,True
05/07/2026,2026-05-07T18:01:57,Livingston,Livingston,Dinner,FRENCH FRIES,4 OZ,https://menuportal23.dining.rutgers.edu/FoodPronet/pickmenu.aspx?locationNum=03&locationName=Livingston+Dinning+Hall&dtdate=05/07/2026&activeMeal=Dinner&sName=Rutgers+University+Dining,https://menuportal23.dining.rutgers.edu/FoodPronet/label.aspx?locationNum=03&locationName=Livingston+Dinning+Hall&dtdate=05%2f07%2f2026&RecNumAndPort=161006*4,275.0,16.4,1.5,0.0,0.0,418.5,,1.4,0.0,0.0,True,True,False,True,True
05/07/2026,2026-05-07T18:01:57,Livingston,Livingston,Dinner,LETTUCE LEAVES,2 EACH,https://menuportal23.dining.rutgers.edu/FoodPronet/pickmenu.aspx?locationNum=03&locationName=Livingston+Dinning+Hall&dtdate=05/07/2026&activeMeal=Dinner&sName=Rutgers+University+Dining,https://menuportal23.dining.rutgers.edu/FoodPronet/label.aspx?locationNum=03&locationName=Livingston+Dinning+Hall&dtdate=05%2f07%2f2026&RecNumAndPort=130203*2,6.0,0.1,0.0,0.0,0.0,4.5,,0.5,0.8,0.4,True,True,False,True,True
05/07/2026,2026-05-07T18:01:57,Livingston,Livingston,Dinner,PICKLE CHIPS,4 EACH,https://menuportal23.dining.rutgers.edu/FoodPronet/pickmenu.aspx?locationNum=03&locationName=Livingston+Dinning+Hall&dtdate=05/07/2026&activeMeal=Dinner&sName=Rutgers+University+Dining,https://menuportal23.dining.rutgers.edu/FoodPronet/label.aspx?locationNum=03&locationName=Livingston+Dinning+Hall&dtdate=05%2f07%2f2026&RecNumAndPort=150189*4,5.0,0.1,0.0,,0.0,384.5,,0.4,,0.2,True,True,False,True,True
05/07/2026,2026-05-07T18:01:57,Livingston,Livingston,Dinner,SAUTEED MUSHROOMS,3 OZ,https://menuportal23.dining.rutgers.edu/FoodPronet/pickmenu.aspx?locationNum=03&locationName=Livingston+Dinning+Hall&dtdate=05/07/2026&activeMeal=Dinner&sName=Rutgers+University+Dining,https://menuportal23.dining.rutgers.edu/FoodPronet/label.aspx?locationNum=03&locationName=Livingston+Dinning+Hall&dtdate=05%2f07%2f2026&RecNumAndPort=130162*3,48.0,3.5,1.2,0.0,0.0,127.1,,0.8,1.6,2.5,True,True,False,True,True
05/07/2026,2026-05-07T18:01:57,Livingston,Livingston,Dinner,SAUTEED ONIONS,3 OZ,https://menuportal23.dining.rutgers.edu/FoodPronet/pickmenu.aspx?locationNum=03&locationName=Livingston+Dinning+Hall&dtdate=05/07/2026&activeMeal=Dinner&sName=Rutgers+University+Dining,https://menuportal23.dining.rutgers.edu/FoodPronet/label.aspx?locationNum=03&locationName=Livingston+Dinning+Hall&dtdate=05%2f07%2f2026&RecNumAndPort=130161*3,62.0,3.3,1.2,0.0,0.0,126.3,,1.4,3.5,0.9,True,True,False,True,True
05/07/2026,2026-05-07T18:01:57,Livingston,Livingston,Dinner,SLICED CHEDDAR CHEESE,1 OZ,https://menuportal23.dining.rutgers.edu/FoodPronet/pickmenu.aspx?locationNum=03&locationName=Livingston+Dinning+Hall&dtdate=05/07/2026&activeMeal=Dinner&sName=Rutgers+University+Dining,https://menuportal23.dining.rutgers.edu/FoodPronet/label.aspx?locationNum=03&locationName=Livingston+Dinning+Hall&dtdate=05%2f07%2f2026&RecNumAndPort=150146*1,114.0,9.4,6.0,,29.8,176.1,,0.0,0.1,7.1,True,False,False,True,True
05/07/2026,2026-05-07T18:01:57,Livingston,Livingston,Dinner,SLICED JALAPENOS PEPPERS,2 OZ,https://menuportal23.dining.rutgers.edu/FoodPronet/pickmenu.aspx?locationNum=03&locationName=Livingston+Dinning+Hall&dtdate=05/07/2026&activeMeal=Dinner&sName=Rutgers+University+Dining,https://menuportal23.dining.rutgers.edu/FoodPronet/label.aspx?locationNum=03&locationName=Livingston+Dinning+Hall&dtdate=05%2f07%2f2026&RecNumAndPort=150024*2,22.0,0.3,0.0,,0.0,795.9,,0.9,,0.5,True,True,False,True,False
05/07/2026,2026-05-07T18:01:57,Livingston,Livingston,Dinner,SLICED ONIONS,1 OZ,https://menuportal23.dining.rutgers.edu/FoodPronet/pickmenu.aspx?locationNum=03&locationName=Livingston+Dinning+Hall&dtdate=05/07/2026&activeMeal=Dinner&sName=Rutgers+University+Dining,https://menuportal23.dining.rutgers.edu/FoodPronet/label.aspx?locationNum=03&locationName=Livingston+Dinning+Hall&dtdate=05%2f07%2f2026&RecNumAndPort=130217*1,11.0,0.0,0.0,0.0,0.0,1.1,,0.5,1.2,0.3,True,True,False,True,True
05/07/2026,2026-05-07T18:01:57,Livingston,Livingston,Dinner,SLICED PEPPERJACK CHEESE,1 OZ,https://menuportal23.dining.rutgers.edu/FoodPronet/pickmenu.aspx?locationNum=03&locationName=Livingston+Dinning+Hall&dtdate=05/07/2026&activeMeal=Dinner&sName=Rutgers+University+Dining,https://menuportal23.dining.rutgers.edu/FoodPronet/label.aspx?locationNum=03&locationName=Livingston+Dinning+Hall&dtdate=05%2f07%2f2026&RecNumAndPort=150147*1,106.0,8.6,5.4,,25.2,152.0,,0.0,0.1,6.9,True,False,False,True,True
05/07/2026,2026-05-07T18:01:57,Livingston,Livingston,Dinner,SLICED TOMATOES,2 SLICE,https://menuportal23.dining.rutgers.edu/FoodPronet/pickmenu.aspx?locationNum=03&locationName=Livingston+Dinning+Hall&dtdate=05/07/2026&activeMeal=Dinner&sName=Rutgers+University+Dining,https://menuportal23.dining.rutgers.edu/FoodPronet/label.aspx?locationNum=03&locationName=Livingston+Dinning+Hall&dtdate=05%2f07%2f2026&RecNumAndPort=130204*2,14.0,0.1,0.0,,0.0,10.2,,0.3,1.7,0.9,True,True,False,True,True
05/07/2026,2026-05-07T18:01:57,Livingston,Livingston,Dinner,YELLOW AMERICAN CHEESE,1 SLICE,https://menuportal23.dining.rutgers.edu/FoodPronet/pickmenu.aspx?locationNum=03&locationName=Livingston+Dinning+Hall&dtdate=05/07/2026&activeMeal=Dinner&sName=Rutgers+University+Dining,https://menuportal23.dining.rutgers.edu/FoodPronet/label.aspx?locationNum=03&locationName=Livingston+Dinning+Hall&dtdate=05%2f07%2f2026&RecNumAndPort=150172*1,69.0,6.0,5.2,,12.9,240.5,,0.0,0.0,4.3,True,False,False,True,True
05/07/2026,2026-05-07T18:01:57,Livingston,Livingston,Dinner,"6"" FLOUR TORTILLA",1 EACH,https://menuportal23.dining.rutgers.edu/FoodPronet/pickmenu.aspx?locationNum=03&locationName=Livingston+Dinning+Hall&dtdate=05/07/2026&activeMeal=Dinner&sName=Rutgers+University+Dining,https://menuportal23.dining.rutgers.edu/FoodPronet/label.aspx?locationNum=03&locationName=Livingston+Dinning+Hall&dtdate=05%2f07%2f2026&RecNumAndPort=150002*1,94.0,1.7,0.5,0.0,0.0,218.9,,0.7,0.3,2.7,True,True,False,True,True
05/07/2026,2026-05-07T18:01:57,Livingston,Livingston,Dinner,BEEF TACOS,4 OZ,https://menuportal23.dining.rutgers.edu/FoodPronet/pickmenu.aspx?locationNum=03&locationName=Livingston+Dinning+Hall&dtdate=05/07/2026&activeMeal=Dinner&sName=Rutgers+University+Dining,https://menuportal23.dining.rutgers.edu/FoodPronet/label.aspx?locationNum=03&locationName=Livingston+Dinning+Hall&dtdate=05%2f07%2f2026&RecNumAndPort=019801*4,280.0,17.8,6.5,0.0,62.6,239.5,,1.7,2.3,18.2,False,False,False,True,True
05/07/2026,2026-05-07T18:01:57,Livingston,Livingston,Dinner,HOMESTYLE REFRIED BEANS,4 OZ,https://menuportal23.dining.rutgers.edu/FoodPronet/pickmenu.aspx?locationNum=03&locationName=Livingston+Dinning+Hall&dtdate=05/07/2026&activeMeal=Dinner&sName=Rutgers+University+Dining,https://menuportal23.dining.rutgers.edu/FoodPronet/label.aspx?locationNum=03&locationName=Livingston+Dinning+Hall&dtdate=05%2f07%2f2026&RecNumAndPort=143058*4,105.0,2.0,0.3,,0.1,487.3,,5.0,2.8,6.8,True,True,False,True,True
05/07/2026,2026-05-07T18:01:57,Livingston,Livingston,Dinner,PICO DE GALLO,2 OZ,https://menuportal23.dining.rutgers.edu/FoodPronet/pickmenu.aspx?locationNum=03&locationName=Livingston+Dinning+Hall&dtdate=05/07/2026&activeMeal=Dinner&sName=Rutgers+University+Dining,https://menuportal23.dining.rutgers.edu/FoodPronet/label.aspx?locationNum=03&locationName=Livingston+Dinning+Hall&dtdate=05%2f07%2f2026&RecNumAndPort=157111*2,28.0,2.2,0.3,0.0,0.0,449.0,,0.3,1.0,0.5,True,True,False,True,True
05/07/2026,2026-05-07T18:01:57,Livingston,Livingston,Dinner,PULLED CHICKEN TACO MEAT,3 OZ,https://menuportal23.dining.rutgers.edu/FoodPronet/pickmenu.aspx?locationNum=03&locationName=Livingston+Dinning+Hall&dtdate=05/07/2026&activeMeal=Dinner&sName=Rutgers+University+Dining,https://menuportal23.dining.rutgers.edu/FoodPronet/label.aspx?locationNum=03&locationName=Livingston+Dinning+Hall&dtdate=05%2f07%2f2026&RecNumAndPort=111236*3,124.0,4.3,1.2,0.0,48.0,245.8,,0.9,1.7,16.5,False,False,False,True,True
05/07/2026,2026-05-07T18:01:57,Livingston,Livingston,Dinner,RIPE SLICED OLIVES,1 OZ,https://menuportal23.dining.rutgers.edu/FoodPronet/pickmenu.aspx?locationNum=03&locationName=Livingston+Dinning+Hall&dtdate=05/07/2026&activeMeal=Dinner&sName=Rutgers+University+Dining,https://menuportal23.dining.rutgers.edu/FoodPronet/label.aspx?locationNum=03&locationName=Livingston+Dinning+Hall&dtdate=05%2f07%2f2026&RecNumAndPort=150014*1,33.0,3.0,0.4,0.0,0.0,208.4,,0.9,0.0,0.2,True,True,False,True,True
05/07/2026,2026-05-07T18:01:57,Livingston,Livingston,Dinner,SALSA,2 OZ,https://menuportal23.dining.rutgers.edu/FoodPronet/pickmenu.aspx?locationNum=03&locationName=Livingston+Dinning+Hall&dtdate=05/07/2026&activeMeal=Dinner&sName=Rutgers+University+Dining,https://menuportal23.dining.rutgers.edu/FoodPronet/label.aspx?locationNum=03&locationName=Livingston+Dinning+Hall&dtdate=05%2f07%2f2026&RecNumAndPort=150013*2,21.0,0.0,,,,330.7,,,2.1,0.0,True,True,False,True,True
05/07/2026,2026-05-07T18:01:57,Livingston,Livingston,Dinner,SHREDDED CHEDDAR JACK CHEESE,2 OZ,https://menuportal23.dining.rutgers.edu/FoodPronet/pickmenu.aspx?locationNum=03&locationName=Livingston+Dinning+Hall&dtdate=05/07/2026&activeMeal=Dinner&sName=Rutgers+University+Dining,https://menuportal23.dining.rutgers.edu/FoodPronet/label.aspx?locationNum=03&locationName=Livingston+Dinning+Hall&dtdate=05%2f07%2f2026&RecNumAndPort=150026*2,218.0,17.4,13.1,0.0,54.5,370.7,,0.0,0.0,13.1,True,False,False,True,True
05/07/2026,2026-05-07T18:01:57,Livingston,Livingston,Dinner,SHREDDED LETTUCE,1 OZ,https://menuportal23.dining.rutgers.edu/FoodPronet/pickmenu.aspx?locationNum=03&locationName=Livingston+Dinning+Hall&dtdate=05/07/2026&activeMeal=Dinner&sName=Rutgers+University+Dining,https://menuportal23.dining.rutgers.edu/FoodPronet/label.aspx?locationNum=03&locationName=Livingston+Dinning+Hall&dtdate=05%2f07%2f2026&RecNumAndPort=130048*1,4.0,0.0,0.0,0.0,0.0,2.8,,0.3,0.6,0.3,True,True,False,True,True
05/07/2026,2026-05-07T18:01:57,Livingston,Livingston,Dinner,SOUR CREAM,1 OZ,https://menuportal23.dining.rutgers.edu/FoodPronet/pickmenu.aspx?locationNum=03&locationName=Livingston+Dinning+Hall&dtdate=05/07/2026&activeMeal=Dinner&sName=Rutgers+University+Dining,https://menuportal23.dining.rutgers.edu/FoodPronet/label.aspx?locationNum=03&locationName=Livingston+Dinning+Hall&dtdate=05%2f07%2f2026&RecNumAndPort=150023*1,55.0,5.6,3.3,0.2,14.7,22.7,,0.0,0.8,0.6,True,False,False,True,True
05/07/2026,2026-05-07T18:01:57,Livingston,Livingston,Dinner,SPANISH RICE,4 OZ,https://menuportal23.dining.rutgers.edu/FoodPronet/pickmenu.aspx?locationNum=03&locationName=Livingston+Dinning+Hall&dtdate=05/07/2026&activeMeal=Dinner&sName=Rutgers+University+Dining,https://menuportal23.dining.rutgers.edu/FoodPronet/label.aspx?locationNum=03&locationName=Livingston+Dinning+Hall&dtdate=05%2f07%2f2026&RecNumAndPort=163024*4,92.0,3.0,1.1,0.0,0.0,891.3,,0.7,3.7,1.4,True,True,False,True,False
05/07/2026,2026-05-07T18:01:57,Livingston,Livingston,Dinner,BAKED BROWN RICE,2 OZ,https://menuportal23.dining.rutgers.edu/FoodPronet/pickmenu.aspx?locationNum=03&locationName=Livingston+Dinning+Hall&dtdate=05/07/2026&activeMeal=Dinner&sName=Rutgers+University+Dining,https://menuportal23.dining.rutgers.edu/FoodPronet/label.aspx?locationNum=03&locationName=Livingston+Dinning+Hall&dtdate=05%2f07%2f2026&RecNumAndPort=163001*2,101.0,0.8,0.2,0.0,0.0,59.5,,1.0,0.2,2.2,True,True,False,True,True
05/07/2026,2026-05-07T18:01:57,Livingston,Livingston,Dinner,CHICKEN &GOBI 65,6 OZ,https://menuportal23.dining.rutgers.edu/FoodPronet/pickmenu.aspx?locationNum=03&locationName=Livingston+Dinning+Hall&dtdate=05/07/2026&activeMeal=Dinner&sName=Rutgers+University+Dining,https://menuportal23.dining.rutgers.edu/FoodPronet/label.aspx?locationNum=03&locationName=Livingston+Dinning+Hall&dtdate=05%2f07%2f2026&RecNumAndPort=111061*6,190.0,8.8,1.3,0.0,40.5,436.5,,1.7,3.3,16.9,False,False,False,True,True
05/07/2026,2026-05-07T18:01:57,Livingston,Livingston,Dinner,CRISPY POTATO & PEA SAMOSA,3 EACH,https://menuportal23.dining.rutgers.edu/FoodPronet/pickmenu.aspx?locationNum=03&locationName=Livingston+Dinning+Hall&dtdate=05/07/2026&activeMeal=Dinner&sName=Rutgers+University+Dining,https://menuportal23.dining.rutgers.edu/FoodPronet/label.aspx?locationNum=03&locationName=Livingston+Dinning+Hall&dtdate=05%2f07%2f2026&RecNumAndPort=143027*3,403.0,30.4,3.4,,0.0,750.0,,1.5,1.5,6.0,True,True,False,False,False
05/07/2026,2026-05-07T18:01:57,Livingston,Livingston,Dinner,JASMINE RICE,4 OZ,https://menuportal23.dining.rutgers.edu/FoodPronet/pickmenu.aspx?locationNum=03&locationName=Livingston+Dinning+Hall&dtdate=05/07/2026&activeMeal=Dinner&sName=Rutgers+University+Dining,https://menuportal23.dining.rutgers.edu/FoodPronet/label.aspx?locationNum=03&locationName=Livingston+Dinning+Hall&dtdate=05%2f07%2f2026&RecNumAndPort=163022*4,210.0,0.0,0.0,0.0,0.0,446.2,,1.3,0.0,3.9,True,True,False,True,True
05/07/2026,2026-05-07T18:01:57,Livingston,Livingston,Dinner,TAMARIND CHUTNEY,1 OZ,https://menuportal23.dining.rutgers.edu/FoodPronet/pickmenu.aspx?locationNum=03&locationName=Livingston+Dinning+Hall&dtdate=05/07/2026&activeMeal=Dinner&sName=Rutgers+University+Dining,https://menuportal23.dining.rutgers.edu/FoodPronet/label.aspx?locationNum=03&locationName=Livingston+Dinning+Hall&dtdate=05%2f07%2f2026&RecNumAndPort=705143*1,71.0,0.0,0.0,0.0,0.0,151.9,,0.0,15.2,0.0,True,True,False,True,True
05/07/2026,2026-05-07T18:01:57,Livingston,Livingston,Dinner,VEGETABLE LO MEIN,6 OZ,https://menuportal23.dining.rutgers.edu/FoodPronet/pickmenu.aspx?locationNum=03&locationName=Livingston+Dinning+Hall&dtdate=05/07/2026&activeMeal=Dinner&sName=Rutgers+University+Dining,https://menuportal23.dining.rutgers.edu/FoodPronet/label.aspx?locationNum=03&locationName=Livingston+Dinning+Hall&dtdate=05%2f07%2f2026&RecNumAndPort=143154*6,354.0,19.0,3.8,0.0,0.0,358.9,,3.6,3.2,8.3,True,True,False,True,True
05/07/2026,2026-05-07T18:01:57,Livingston,Livingston,Dinner,ALFREDO SAUCE,4 OZL,https://menuportal23.dining.rutgers.edu/FoodPronet/pickmenu.aspx?locationNum=03&locationName=Livingston+Dinning+Hall&dtdate=05/07/2026&activeMeal=Dinner&sName=Rutgers+University+Dining,https://menuportal23.dining.rutgers.edu/FoodPronet/label.aspx?locationNum=03&locationName=Livingston+Dinning+Hall&dtdate=05%2f07%2f2026&RecNumAndPort=157009*4,306.0,28.2,17.3,0.9,82.7,308.8,,0.2,0.2,5.5,True,True,False,True,True
05/07/2026,2026-05-07T18:01:57,Livingston,Livingston,Dinner,CHEESE PIZZA,1 SLICE,https://menuportal23.dining.rutgers.edu/FoodPronet/pickmenu.aspx?locationNum=03&locationName=Livingston+Dinning+Hall&dtdate=05/07/2026&activeMeal=Dinner&sName=Rutgers+University+Dining,https://menuportal23.dining.rutgers.edu/FoodPronet/label.aspx?locationNum=03&locationName=Livingston+Dinning+Hall&dtdate=05%2f07%2f2026&RecNumAndPort=130298*1,176.0,5.9,2.8,0.0,13.5,283.1,,1.9,2.7,8.6,True,False,False,True,True
05/07/2026,2026-05-07T18:01:57,Livingston,Livingston,Dinner,CHICKEN VODKA PIZZA,1 SLICE,https://menuportal23.dining.rutgers.edu/FoodPronet/pickmenu.aspx?locationNum=03&locationName=Livingston+Dinning+Hall&dtdate=05/07/2026&activeMeal=Dinner&sName=Rutgers+University+Dining,https://menuportal23.dining.rutgers.edu/FoodPronet/label.aspx?locationNum=03&locationName=Livingston+Dinning+Hall&dtdate=05%2f07%2f2026&RecNumAndPort=130356*1,218.0,8.2,4.0,0.1,31.7,288.5,,1.8,2.3,13.4,False,False,False,True,True
05/07/2026,2026-05-07T18:01:57,Livingston,Livingston,Dinner,"HAND TOSSED OLIVE, MUSHROOM, ROAST RED PEPPER PIZZA",1 SLICE,https://menuportal23.dining.rutgers.edu/FoodPronet/pickmenu.aspx?locationNum=03&locationName=Livingston+Dinning+Hall&dtdate=05/07/2026&activeMeal=Dinner&sName=Rutgers+University+Dining,https://menuportal23.dining.rutgers.edu/FoodPronet/label.aspx?locationNum=03&locationName=Livingston+Dinning+Hall&dtdate=05%2f07%2f2026&RecNumAndPort=130328*1,181.0,6.1,2.8,0.0,13.5,365.3,,2.1,2.8,8.9,True,True,False,True,True
05/07/2026,2026-05-07T18:01:57,Livingston,Livingston,Dinner,HAND TOSSED WHITE PIZZA,1 SLICE,https://menuportal23.dining.rutgers.edu/FoodPronet/pickmenu.aspx?locationNum=03&locationName=Livingston+Dinning+Hall&dtdate=05/07/2026&activeMeal=Dinner&sName=Rutgers+University+Dining,https://menuportal23.dining.rutgers.edu/FoodPronet/label.aspx?locationNum=03&locationName=Livingston+Dinning+Hall&dtdate=05%2f07%2f2026&RecNumAndPort=130280*1,195.0,8.3,4.5,0.1,24.0,253.5,,1.7,1.8,9.2,True,True,False,True,True
05/07/2026,2026-05-07T18:01:57,Livingston,Livingston,Dinner,ORECCHIETTE PASTA,4 OZ,https://menuportal23.dining.rutgers.edu/FoodPronet/pickmenu.aspx?locationNum=03&locationName=Livingston+Dinning+Hall&dtdate=05/07/2026&activeMeal=Dinner&sName=Rutgers+University+Dining,https://menuportal23.dining.rutgers.edu/FoodPronet/label.aspx?locationNum=03&locationName=Livingston+Dinning+Hall&dtdate=05%2f07%2f2026&RecNumAndPort=140017*4,211.0,1.3,0.3,0.0,0.0,8.2,,1.8,2.3,7.7,True,True,False,True,True
05/07/2026,2026-05-07T18:01:57,Livingston,Livingston,Dinner,PIZZA TURKEY PEPPERONI,1 SLICE,https://menuportal23.dining.rutgers.edu/FoodPronet/pickmenu.aspx?locationNum=03&locationName=Livingston+Dinning+Hall&dtdate=05/07/2026&activeMeal=Dinner&sName=Rutgers+University+Dining,https://menuportal23.dining.rutgers.edu/FoodPronet/label.aspx?locationNum=03&locationName=Livingston+Dinning+Hall&dtdate=05%2f07%2f2026&RecNumAndPort=130308*1,186.0,6.4,2.9,0.0,17.7,337.1,,1.9,2.9,9.7,False,False,False,True,True
05/07/2026,2026-05-07T18:01:57,Livingston,Livingston,Dinner,PLAIN TOMATO SAUCE,4 OZL,https://menuportal23.dining.rutgers.edu/FoodPronet/pickmenu.aspx?locationNum=03&locationName=Livingston+Dinning+Hall&dtdate=05/07/2026&activeMeal=Dinner&sName=Rutgers+University+Dining,https://menuportal23.dining.rutgers.edu/FoodPronet/label.aspx?locationNum=03&locationName=Livingston+Dinning+Hall&dtdate=05%2f07%2f2026&RecNumAndPort=157171*4,39.0,1.9,0.4,0.0,0.0,159.9,,1.1,3.4,1.1,True,True,False,True,True
05/07/2026,2026-05-07T18:01:57,Livingston,Livingston,Dinner,TORTELLINI PRIMA AIOLI,6 OZ,https://menuportal23.dining.rutgers.edu/FoodPronet/pickmenu.aspx?locationNum=03&locationName=Livingston+Dinning+Hall&dtdate=05/07/2026&activeMeal=Dinner&sName=Rutgers+University+Dining,https://menuportal23.dining.rutgers.edu/FoodPronet/label.aspx?locationNum=03&locationName=Livingston+Dinning+Hall&dtdate=05%2f07%2f2026&RecNumAndPort=140067*6,311.0,16.6,3.2,0.0,6.8,881.5,,3.6,2.2,7.7,True,True,False,True,False
05/07/2026,2026-05-07T18:01:57,Livingston,Livingston,Dinner,GRILLED CHICKEN BREAST 4OZ,4 OZ,https://menuportal23.dining.rutgers.edu/FoodPronet/pickmenu.aspx?locationNum=03&locationName=Livingston+Dinning+Hall&dtdate=05/07/2026&activeMeal=Dinner&sName=Rutgers+University+Dining,https://menuportal23.dining.rutgers.edu/FoodPronet/label.aspx?locationNum=03&locationName=Livingston+Dinning+Hall&dtdate=05%2f07%2f2026&RecNumAndPort=111241*4,142.0,4.2,0.7,0.0,80.5,124.8,,0.0,0.0,25.4,False,False,True,True,True
05/07/2026,2026-05-07T18:01:57,Livingston,Livingston,Dinner,BASMATI RICE,4 OZ,https://menuportal23.dining.rutgers.edu/FoodPronet/pickmenu.aspx?locationNum=03&locationName=Livingston+Dinning+Hall&dtdate=05/07/2026&activeMeal=Dinner&sName=Rutgers+University+Dining,https://menuportal23.dining.rutgers.edu/FoodPronet/label.aspx?locationNum=03&locationName=Livingston+Dinning+Hall&dtdate=05%2f07%2f2026&RecNumAndPort=600635*4,190.0,1.3,0.0,,0.0,110.8,,2.5,0.0,3.8,True,True,False,True,True
05/07/2026,2026-05-07T18:01:57,Livingston,Livingston,Dinner,BUTTER CHICKEN WITH CREAMY TOMATO SAUCE,4 OZ,https://menuportal23.dining.rutgers.edu/FoodPronet/pickmenu.aspx?locationNum=03&locationName=Livingston+Dinning+Hall&dtdate=05/07/2026&activeMeal=Dinner&sName=Rutgers+University+Dining,https://menuportal23.dining.rutgers.edu/FoodPronet/label.aspx?locationNum=03&locationName=Livingston+Dinning+Hall&dtdate=05%2f07%2f2026&RecNumAndPort=111346*4,189.0,13.6,7.7,0.5,83.5,344.9,,0.6,2.1,12.5,False,False,False,True,True
05/07/2026,2026-05-07T18:01:57,Livingston,Livingston,Dinner,CHANA MASALA W/ COCONUT CURRY,4 OZ,https://menuportal23.dining.rutgers.edu/FoodPronet/pickmenu.aspx?locationNum=03&locationName=Livingston+Dinning+Hall&dtdate=05/07/2026&activeMeal=Dinner&sName=Rutgers+University+Dining,https://menuportal23.dining.rutgers.edu/FoodPronet/label.aspx?locationNum=03&locationName=Livingston+Dinning+Hall&dtdate=05%2f07%2f2026&RecNumAndPort=130498*4,159.0,10.1,8.1,0.0,0.0,252.3,,4.0,4.7,4.2,True,True,False,True,True
05/07/2026,2026-05-07T18:01:57,Livingston,Livingston,Dinner,CURRY COD,6 OZ,https://menuportal23.dining.rutgers.edu/FoodPronet/pickmenu.aspx?locationNum=03&locationName=Livingston+Dinning+Hall&dtdate=05/07/2026&activeMeal=Dinner&sName=Rutgers+University+Dining,https://menuportal23.dining.rutgers.edu/FoodPronet/label.aspx?locationNum=03&locationName=Livingston+Dinning+Hall&dtdate=05%2f07%2f2026&RecNumAndPort=170159*6,149.0,3.5,0.4,0.0,48.8,320.4,,2.0,2.0,21.7,True,True,True,True,True
05/07/2026,2026-05-07T18:01:57,Livingston,Livingston,Dinner,ROASTED CAULIFLOWER WITH TURMERIC AND WARMING SPICES,4 OZ,https://menuportal23.dining.rutgers.edu/FoodPronet/pickmenu.aspx?locationNum=03&locationName=Livingston+Dinning+Hall&dtdate=05/07/2026&activeMeal=Dinner&sName=Rutgers+University+Dining,https://menuportal23.dining.rutgers.edu/FoodPronet/label.aspx?locationNum=03&locationName=Livingston+Dinning+Hall&dtdate=05%2f07%2f2026&RecNumAndPort=130499*4,37.0,0.5,0.1,0.0,0.0,50.1,,2.6,3.2,2.8,True,True,False,True,True
05/07/2026,2026-05-07T18:01:57,Livingston,Livingston,Dinner,ROASTED BROCCOLI,3 OZ,https://menuportal23.dining.rutgers.edu/FoodPronet/pickmenu.aspx?locationNum=03&locationName=Livingston+Dinning+Hall&dtdate=05/07/2026&activeMeal=Dinner&sName=Rutgers+University+Dining,https://menuportal23.dining.rutgers.edu/FoodPronet/label.aspx?locationNum=03&locationName=Livingston+Dinning+Hall&dtdate=05%2f07%2f2026&RecNumAndPort=129950*3,75.0,5.2,0.7,0.0,0.0,86.3,,1.9,1.4,2.5,True,True,False,True,True
05/07/2026,2026-05-07T18:01:57,Livingston,Livingston,Dinner,"ROASTED MUSHROOM, PEPPER, AND ONION",3 OZ,https://menuportal23.dining.rutgers.edu/FoodPronet/pickmenu.aspx?locationNum=03&locationName=Livingston+Dinning+Hall&dtdate=05/07/2026&activeMeal=Dinner&sName=Rutgers+University+Dining,https://menuportal23.dining.rutgers.edu/FoodPronet/label.aspx?locationNum=03&locationName=Livingston+Dinning+Hall&dtdate=05%2f07%2f2026&RecNumAndPort=129982*3,67.0,5.1,0.7,0.0,0.0,46.0,,1.3,2.5,1.8,True,True,False,True,True
05/07/2026,2026-05-07T18:01:57,Livingston,Livingston,Dinner,ROASTED PARSNIP PEPPERS AND CARROTS,3 OZ,https://menuportal23.dining.rutgers.edu/FoodPronet/pickmenu.aspx?locationNum=03&locationName=Livingston+Dinning+Hall&dtdate=05/07/2026&activeMeal=Dinner&sName=Rutgers+University+Dining,https://menuportal23.dining.rutgers.edu/FoodPronet/label.aspx?locationNum=03&locationName=Livingston+Dinning+Hall&dtdate=05%2f07%2f2026&RecNumAndPort=129991*3,82.0,5.1,0.7,0.0,0.0,61.7,,2.2,3.2,1.0,True,True,False,True,True
05/07/2026,2026-05-07T18:01:57,Livingston,Livingston,Dinner,ROASTED SWEET POTATOES,3 OZ,https://menuportal23.dining.rutgers.edu/FoodPronet/pickmenu.aspx?locationNum=03&locationName=Livingston+Dinning+Hall&dtdate=05/07/2026&activeMeal=Dinner&sName=Rutgers+University+Dining,https://menuportal23.dining.rutgers.edu/FoodPronet/label.aspx?locationNum=03&locationName=Livingston+Dinning+Hall&dtdate=05%2f07%2f2026&RecNumAndPort=129983*3,117.0,4.9,0.7,0.0,0.0,85.3,,2.7,3.7,1.5,True,True,False,True,True
05/07/2026,2026-05-07T18:01:57,Livingston,Livingston,Dinner,MONGOLIAN STATION,1 EACH,https://menuportal23.dining.rutgers.edu/FoodPronet/pickmenu.aspx?locationNum=03&locationName=Livingston+Dinning+Hall&dtdate=05/07/2026&activeMeal=Dinner&sName=Rutgers+University+Dining,https://menuportal23.dining.rutgers.edu/FoodPronet/label.aspx?locationNum=03&locationName=Livingston+Dinning+Hall&dtdate=05%2f07%2f2026&RecNumAndPort=155041*1,0.0,0.0,0.0,0.0,0.0,0.0,,0.0,0.0,0.0,True,True,False,True,True
05/07/2026,2026-05-07T18:01:57,Livingston,Livingston,Dinner,PASTA STATION,1 EACH,https://menuportal23.dining.rutgers.edu/FoodPronet/pickmenu.aspx?locationNum=03&locationName=Livingston+Dinning+Hall&dtdate=05/07/2026&activeMeal=Dinner&sName=Rutgers+University+Dining,https://menuportal23.dining.rutgers.edu/FoodPronet/label.aspx?locationNum=03&locationName=Livingston+Dinning+Hall&dtdate=05%2f07%2f2026&RecNumAndPort=155026*1,0.0,0.0,0.0,0.0,0.0,0.0,,0.0,0.0,0.0,True,True,False,True,True
05/07/2026,2026-05-07T18:01:57,Livingston,Livingston,Dinner,TACO BAR,1 EACH,https://menuportal23.dining.rutgers.edu/FoodPronet/pickmenu.aspx?locationNum=03&locationName=Livingston+Dinning+Hall&dtdate=05/07/2026&activeMeal=Dinner&sName=Rutgers+University+Dining,https://menuportal23.dining.rutgers.edu/FoodPronet/label.aspx?locationNum=03&locationName=Livingston+Dinning+Hall&dtdate=05%2f07%2f2026&RecNumAndPort=155037*1,0.0,0.0,0.0,0.0,0.0,0.0,,0.0,0.0,0.0,True,True,False,True,True
05/07/2026,2026-05-07T18:01:57,Neilson,Cook/Douglass,Breakfast,ASSORTED BAGELS,1 EACH,https://menuportal23.dining.rutgers.edu/FoodPronet/pickmenu.aspx?locationNum=05&locationName=Neilson+Dinning+Hall&dtdate=05/07/2026&activeMeal=Breakfast&sName=Rutgers+University+Dining,https://menuportal23.dining.rutgers.edu/FoodPronet/label.aspx?locationNum=05&locationName=Neilson+Dinning+Hall&dtdate=05%2f07%2f2026&RecNumAndPort=210000*1,,,,,,,,,,,True,True,False,False,False
05/07/2026,2026-05-07T18:01:57,Neilson,Cook/Douglass,Breakfast,BELGIAN WAFFLES,1 EACH,https://menuportal23.dining.rutgers.edu/FoodPronet/pickmenu.aspx?locationNum=05&locationName=Neilson+Dinning+Hall&dtdate=05/07/2026&activeMeal=Breakfast&sName=Rutgers+University+Dining,https://menuportal23.dining.rutgers.edu/FoodPronet/label.aspx?locationNum=05&locationName=Neilson+Dinning+Hall&dtdate=05%2f07%2f2026&RecNumAndPort=147001*1,129.0,4.3,0.7,0.0,25.0,266.0,,0.7,4.3,2.9,True,True,False,True,True
05/07/2026,2026-05-07T18:01:57,Neilson,Cook/Douglass,Breakfast,COUNTRY STYLE GRITS,6 OZ,https://menuportal23.dining.rutgers.edu/FoodPronet/pickmenu.aspx?locationNum=05&locationName=Neilson+Dinning+Hall&dtdate=05/07/2026&activeMeal=Breakfast&sName=Rutgers+University+Dining,https://menuportal23.dining.rutgers.edu/FoodPronet/label.aspx?locationNum=05&locationName=Neilson+Dinning+Hall&dtdate=05%2f07%2f2026&RecNumAndPort=143112*6,140.0,0.2,0.0,0.0,0.0,207.1,,0.9,0.1,1.6,True,True,False,True,True
05/07/2026,2026-05-07T18:01:57,Neilson,Cook/Douglass,Breakfast,HARD BOILED EGGS,1 EACH,https://menuportal23.dining.rutgers.edu/FoodPronet/pickmenu.aspx?locationNum=05&locationName=Neilson+Dinning+Hall&dtdate=05/07/2026&activeMeal=Breakfast&sName=Rutgers+University+Dining,https://menuportal23.dining.rutgers.edu/FoodPronet/label.aspx?locationNum=05&locationName=Neilson+Dinning+Hall&dtdate=05%2f07%2f2026&RecNumAndPort=061003*1,76.0,5.0,1.7,0.0,197.2,94.0,,0.0,0.2,6.7,True,False,False,True,True
05/07/2026,2026-05-07T18:01:57,Neilson,Cook/Douglass,Breakfast,OATMEAL,6 OZ,https://menuportal23.dining.rutgers.edu/FoodPronet/pickmenu.aspx?locationNum=05&locationName=Neilson+Dinning+Hall&dtdate=05/07/2026&activeMeal=Breakfast&sName=Rutgers+University+Dining,https://menuportal23.dining.rutgers.edu/FoodPronet/label.aspx?locationNum=05&locationName=Neilson+Dinning+Hall&dtdate=05%2f07%2f2026&RecNumAndPort=143116*6,146.0,2.9,0.5,0.0,0.0,4.9,,3.9,1.0,4.9,True,True,False,True,True
05/07/2026,2026-05-07T18:01:57,Neilson,Cook/Douglass,Breakfast,SAVORY PLANT-BASED BREAKFAST PATTIES,2 EACH,https://menuportal23.dining.rutgers.edu/FoodPronet/pickmenu.aspx?locationNum=05&locationName=Neilson+Dinning+Hall&dtdate=05/07/2026&activeMeal=Breakfast&sName=Rutgers+University+Dining,https://menuportal23.dining.rutgers.edu/FoodPronet/label.aspx?locationNum=05&locationName=Neilson+Dinning+Hall&dtdate=05%2f07%2f2026&RecNumAndPort=143000*2,140.0,7.0,0.0,0.0,0.0,600.0,,2.0,0.0,12.0,True,True,False,True,False
05/07/2026,2026-05-07T18:01:57,Neilson,Cook/Douglass,Breakfast,SCRAMBLED EGGS,4 OZ,https://menuportal23.dining.rutgers.edu/FoodPronet/pickmenu.aspx?locationNum=05&locationName=Neilson+Dinning+Hall&dtdate=05/07/2026&activeMeal=Breakfast&sName=Rutgers+University+Dining,https://menuportal23.dining.rutgers.edu/FoodPronet/label.aspx?locationNum=05&locationName=Neilson+Dinning+Hall&dtdate=05%2f07%2f2026&RecNumAndPort=061002*4,141.0,9.6,3.0,0.0,392.9,125.1,,0.0,0.5,11.1,True,False,False,True,True
05/07/2026,2026-05-07T18:01:57,Neilson,Cook/Douglass,Breakfast,TATER TOTS,4 OZ,https://menuportal23.dining.rutgers.edu/FoodPronet/pickmenu.aspx?locationNum=05&locationName=Neilson+Dinning+Hall&dtdate=05/07/2026&activeMeal=Breakfast&sName=Rutgers+University+Dining,https://menuportal23.dining.rutgers.edu/FoodPronet/label.aspx?locationNum=05&locationName=Neilson+Dinning+Hall&dtdate=05%2f07%2f2026&RecNumAndPort=161030*4,272.0,18.1,5.1,,0.0,647.7,,2.5,0.0,2.9,True,True,False,True,False
05/07/2026,2026-05-07T18:01:57,Neilson,Cook/Douglass,Breakfast,TURKEY BACON,2 SLICE,https://menuportal23.dining.rutgers.edu/FoodPronet/pickmenu.aspx?locationNum=05&locationName=Neilson+Dinning+Hall&dtdate=05/07/2026&activeMeal=Breakfast&sName=Rutgers+University+Dining,https://menuportal23.dining.rutgers.edu/FoodPronet/label.aspx?locationNum=05&locationName=Neilson+Dinning+Hall&dtdate=05%2f07%2f2026&RecNumAndPort=705281*2,173.0,12.7,3.8,,44.5,1036.5,,0.0,0.0,13.4,False,False,False,True,False
05/07/2026,2026-05-07T18:01:57,Neilson,Cook/Douglass,Breakfast,WHOLE WHEAT FRENCH TOAST,2 SLICE,https://menuportal23.dining.rutgers.edu/FoodPronet/pickmenu.aspx?locationNum=05&locationName=Neilson+Dinning+Hall&dtdate=05/07/2026&activeMeal=Breakfast&sName=Rutgers+University+Dining,https://menuportal23.dining.rutgers.edu/FoodPronet/label.aspx?locationNum=05&locationName=Neilson+Dinning+Hall&dtdate=05%2f07%2f2026&RecNumAndPort=147011*2,189.0,5.1,1.5,0.0,99.9,301.8,,3.8,7.3,8.2,True,True,False,True,True
05/07/2026,2026-05-07T18:01:57,Neilson,Cook/Douglass,Breakfast,BABY SPINACH,4 OZ,https://menuportal23.dining.rutgers.edu/FoodPronet/pickmenu.aspx?locationNum=05&locationName=Neilson+Dinning+Hall&dtdate=05/07/2026&activeMeal=Breakfast&sName=Rutgers+University+Dining,https://menuportal23.dining.rutgers.edu/FoodPronet/label.aspx?locationNum=05&locationName=Neilson+Dinning+Hall&dtdate=05%2f07%2f2026&RecNumAndPort=130019*4,7.0,0.1,0.0,0.0,0.0,22.4,,0.6,0.1,0.8,True,True,False,True,True
05/07/2026,2026-05-07T18:01:57,Neilson,Cook/Douglass,Breakfast,BROCCOLI FLORETS,4 OZ,https://menuportal23.dining.rutgers.edu/FoodPronet/pickmenu.aspx?locationNum=05&locationName=Neilson+Dinning+Hall&dtdate=05/07/2026&activeMeal=Breakfast&sName=Rutgers+University+Dining,https://menuportal23.dining.rutgers.edu/FoodPronet/label.aspx?locationNum=05&locationName=Neilson+Dinning+Hall&dtdate=05%2f07%2f2026&RecNumAndPort=130034*4,39.0,0.4,0.0,0.0,0.0,148.3,,2.9,1.9,3.2,True,True,False,True,True
05/07/2026,2026-05-07T18:01:57,Neilson,Cook/Douglass,Breakfast,CHOPPED RED & GREEN PEPPERS,1 OZ,https://menuportal23.dining.rutgers.edu/FoodPronet/pickmenu.aspx?locationNum=05&locationName=Neilson+Dinning+Hall&dtdate=05/07/2026&activeMeal=Breakfast&sName=Rutgers+University+Dining,https://menuportal23.dining.rutgers.edu/FoodPronet/label.aspx?locationNum=05&locationName=Neilson+Dinning+Hall&dtdate=05%2f07%2f2026&RecNumAndPort=130207*1,8.0,0.1,0.0,0.0,0.0,1.0,,0.5,0.9,0.3,True,True,False,True,True
05/07/2026,2026-05-07T18:01:57,Neilson,Cook/Douglass,Breakfast,DICED ONIONS,1 OZ,https://menuportal23.dining.rutgers.edu/FoodPronet/pickmenu.aspx?locationNum=05&locationName=Neilson+Dinning+Hall&dtdate=05/07/2026&activeMeal=Breakfast&sName=Rutgers+University+Dining,https://menuportal23.dining.rutgers.edu/FoodPronet/label.aspx?locationNum=05&locationName=Neilson+Dinning+Hall&dtdate=05%2f07%2f2026&RecNumAndPort=130068*1,11.0,0.0,0.0,0.0,0.0,1.1,,0.5,1.2,0.3,True,True,False,True,True
05/07/2026,2026-05-07T18:01:57,Neilson,Cook/Douglass,Breakfast,DICED TOMATOES,2 OZ,https://menuportal23.dining.rutgers.edu/FoodPronet/pickmenu.aspx?locationNum=05&locationName=Neilson+Dinning+Hall&dtdate=05/07/2026&activeMeal=Breakfast&sName=Rutgers+University+Dining,https://menuportal23.dining.rutgers.edu/FoodPronet/label.aspx?locationNum=05&locationName=Neilson+Dinning+Hall&dtdate=05%2f07%2f2026&RecNumAndPort=130239*2,15.0,0.1,0.0,,0.0,10.9,,0.3,1.9,1.0,True,True,False,True,True
05/07/2026,2026-05-07T18:01:57,Neilson,Cook/Douglass,Breakfast,EGG WHITES,4 OZ,https://menuportal23.dining.rutgers.edu/FoodPronet/pickmenu.aspx?locationNum=05&locationName=Neilson+Dinning+Hall&dtdate=05/07/2026&activeMeal=Breakfast&sName=Rutgers+University+Dining,https://menuportal23.dining.rutgers.edu/FoodPronet/label.aspx?locationNum=05&locationName=Neilson+Dinning+Hall&dtdate=05%2f07%2f2026&RecNumAndPort=061049*4,53.0,0.0,0.0,,0.0,179.2,,0.0,,11.1,True,False,False,True,True
05/07/2026,2026-05-07T18:01:57,Neilson,Cook/Douglass,Breakfast,EGGS,4 OZ,https://menuportal23.dining.rutgers.edu/FoodPronet/pickmenu.aspx?locationNum=05&locationName=Neilson+Dinning+Hall&dtdate=05/07/2026&activeMeal=Breakfast&sName=Rutgers+University+Dining,https://menuportal23.dining.rutgers.edu/FoodPronet/label.aspx?locationNum=05&locationName=Neilson+Dinning+Hall&dtdate=05%2f07%2f2026&RecNumAndPort=061033*4,168.0,11.6,3.6,,489.9,150.8,,0.0,,13.6,True,False,False,True,True
05/07/2026,2026-05-07T18:01:57,Neilson,Cook/Douglass,Breakfast,PORK BACON BITS,1/2 OZ,https://menuportal23.dining.rutgers.edu/FoodPronet/pickmenu.aspx?locationNum=05&locationName=Neilson+Dinning+Hall&dtdate=05/07/2026&activeMeal=Breakfast&sName=Rutgers+University+Dining,https://menuportal23.dining.rutgers.edu/FoodPronet/label.aspx?locationNum=05&locationName=Neilson+Dinning+Hall&dtdate=05%2f07%2f2026&RecNumAndPort=195082*1%2f2,71.0,6.1,2.0,0.0,10.1,303.8,,0.0,0.0,4.1,False,False,False,True,True
05/07/2026,2026-05-07T18:01:57,Neilson,Cook/Douglass,Breakfast,PORK SAUSAGE CRUMBLES,2 OZ,https://menuportal23.dining.rutgers.edu/FoodPronet/pickmenu.aspx?locationNum=05&locationName=Neilson+Dinning+Hall&dtdate=05/07/2026&activeMeal=Breakfast&sName=Rutgers+University+Dining,https://menuportal23.dining.rutgers.edu/FoodPronet/label.aspx?locationNum=05&locationName=Neilson+Dinning+Hall&dtdate=05%2f07%2f2026&RecNumAndPort=195009*2,190.0,17.0,5.2,,44.3,489.1,,0.0,1.5,7.0,False,False,False,True,True
05/07/2026,2026-05-07T18:01:57,Neilson,Cook/Douglass,Breakfast,SHREDDED CHEDDAR CHEESE,1 OZ,https://menuportal23.dining.rutgers.edu/FoodPronet/pickmenu.aspx?locationNum=05&locationName=Neilson+Dinning+Hall&dtdate=05/07/2026&activeMeal=Breakfast&sName=Rutgers+University+Dining,https://menuportal23.dining.rutgers.edu/FoodPronet/label.aspx?locationNum=05&locationName=Neilson+Dinning+Hall&dtdate=05%2f07%2f2026&RecNumAndPort=157178*1,114.0,9.4,6.0,,29.8,176.1,,0.0,0.1,7.1,True,False,False,True,True
05/07/2026,2026-05-07T18:01:57,Neilson,Cook/Douglass,Breakfast,SHREDDED MONTEREY JACK CHEESE,2 OZ,https://menuportal23.dining.rutgers.edu/FoodPronet/pickmenu.aspx?locationNum=05&locationName=Neilson+Dinning+Hall&dtdate=05/07/2026&activeMeal=Breakfast&sName=Rutgers+University+Dining,https://menuportal23.dining.rutgers.edu/FoodPronet/label.aspx?locationNum=05&locationName=Neilson+Dinning+Hall&dtdate=05%2f07%2f2026&RecNumAndPort=150021*2,203.0,16.2,10.1,0.0,50.6,324.0,,0.0,0.0,14.2,True,False,False,True,True
05/07/2026,2026-05-07T18:01:57,Neilson,Cook/Douglass,Breakfast,SLICED MUSHROOMS,2 OZ,https://menuportal23.dining.rutgers.edu/FoodPronet/pickmenu.aspx?locationNum=05&locationName=Neilson+Dinning+Hall&dtdate=05/07/2026&activeMeal=Breakfast&sName=Rutgers+University+Dining,https://menuportal23.dining.rutgers.edu/FoodPronet/label.aspx?locationNum=05&locationName=Neilson+Dinning+Hall&dtdate=05%2f07%2f2026&RecNumAndPort=130127*2,12.0,0.2,0.0,0.0,0.0,2.8,,0.6,1.1,1.8,True,True,False,True,True
05/07/2026,2026-05-07T18:01:57,Neilson,Cook/Douglass,Breakfast,SLICED YELLOW AMERICAN CHEESE,2/3 OZ,https://menuportal23.dining.rutgers.edu/FoodPronet/pickmenu.aspx?locationNum=05&locationName=Neilson+Dinning+Hall&dtdate=05/07/2026&activeMeal=Breakfast&sName=Rutgers+University+Dining,https://menuportal23.dining.rutgers.edu/FoodPronet/label.aspx?locationNum=05&locationName=Neilson+Dinning+Hall&dtdate=05%2f07%2f2026&RecNumAndPort=150056*2%2f3,82.0,7.2,6.2,,15.5,288.7,,0.0,0.0,5.2,True,False,False,True,True
05/07/2026,2026-05-07T18:01:57,Neilson,Cook/Douglass,Breakfast,SMALL DICED HAM,1 OZ,https://menuportal23.dining.rutgers.edu/FoodPronet/pickmenu.aspx?locationNum=05&locationName=Neilson+Dinning+Hall&dtdate=05/07/2026&activeMeal=Breakfast&sName=Rutgers+University+Dining,https://menuportal23.dining.rutgers.edu/FoodPronet/label.aspx?locationNum=05&locationName=Neilson+Dinning+Hall&dtdate=05%2f07%2f2026&RecNumAndPort=195029*1,30.0,1.3,0.5,,12.7,374.6,,,1.0,4.1,False,False,False,True,True
05/07/2026,2026-05-07T18:01:57,Neilson,Cook/Douglass,Breakfast,VEGAN EGG,4 OZ,https://menuportal23.dining.rutgers.edu/FoodPronet/pickmenu.aspx?locationNum=05&locationName=Neilson+Dinning+Hall&dtdate=05/07/2026&activeMeal=Breakfast&sName=Rutgers+University+Dining,https://menuportal23.dining.rutgers.edu/FoodPronet/label.aspx?locationNum=05&locationName=Neilson+Dinning+Hall&dtdate=05%2f07%2f2026&RecNumAndPort=142999*4,176.0,12.6,0.0,0.0,0.0,403.2,,0.0,0.0,12.6,True,False,False,True,True
05/07/2026,2026-05-07T18:01:57,Neilson,Cook/Douglass,Breakfast,BUILD YOUR OWN OMELET,1 EACH,https://menuportal23.dining.rutgers.edu/FoodPronet/pickmenu.aspx?locationNum=05&locationName=Neilson+Dinning+Hall&dtdate=05/07/2026&activeMeal=Breakfast&sName=Rutgers+University+Dining,https://menuportal23.dining.rutgers.edu/FoodPronet/label.aspx?locationNum=05&locationName=Neilson+Dinning+Hall&dtdate=05%2f07%2f2026&RecNumAndPort=155000*1,0.0,0.0,0.0,0.0,0.0,0.0,,0.0,0.0,0.0,True,True,False,True,True
05/07/2026,2026-05-07T18:01:57,Neilson,Cook/Douglass,Lunch,CHICKEN NOODLE SOUP,6 OZL,https://menuportal23.dining.rutgers.edu/FoodPronet/pickmenu.aspx?locationNum=05&locationName=Neilson+Dinning+Hall&dtdate=05/07/2026&activeMeal=Lunch&sName=Rutgers+University+Dining,https://menuportal23.dining.rutgers.edu/FoodPronet/label.aspx?locationNum=05&locationName=Neilson+Dinning+Hall&dtdate=05%2f07%2f2026&RecNumAndPort=020011*6,76.0,2.5,0.7,0.0,26.5,390.8,,0.9,2.2,6.8,False,False,False,True,True
05/07/2026,2026-05-07T18:01:57,Neilson,Cook/Douglass,Lunch,CREAM OF TOMATO SOUP,6 OZ,https://menuportal23.dining.rutgers.edu/FoodPronet/pickmenu.aspx?locationNum=05&locationName=Neilson+Dinning+Hall&dtdate=05/07/2026&activeMeal=Lunch&sName=Rutgers+University+Dining,https://menuportal23.dining.rutgers.edu/FoodPronet/label.aspx?locationNum=05&locationName=Neilson+Dinning+Hall&dtdate=05%2f07%2f2026&RecNumAndPort=020032*6,138.0,9.4,5.8,0.3,27.3,322.4,,0.7,5.6,2.6,True,False,False,True,True
05/07/2026,2026-05-07T18:01:57,Neilson,Cook/Douglass,Lunch,DYNAMITE BUFFALO TOFU WRAP,1 EA,https://menuportal23.dining.rutgers.edu/FoodPronet/pickmenu.aspx?locationNum=05&locationName=Neilson+Dinning+Hall&dtdate=05/07/2026&activeMeal=Lunch&sName=Rutgers+University+Dining,https://menuportal23.dining.rutgers.edu/FoodPronet/label.aspx?locationNum=05&locationName=Neilson+Dinning+Hall&dtdate=05%2f07%2f2026&RecNumAndPort=600914*1,488.0,16.6,3.0,0.0,0.0,1627.0,,2.2,3.6,19.8,True,True,False,False,False
05/07/2026,2026-05-07T18:01:57,Neilson,Cook/Douglass,Lunch,HAM AND SWISS WRAP,1 EACH,https://menuportal23.dining.rutgers.edu/FoodPronet/pickmenu.aspx?locationNum=05&locationName=Neilson+Dinning+Hall&dtdate=05/07/2026&activeMeal=Lunch&sName=Rutgers+University+Dining,https://menuportal23.dining.rutgers.edu/FoodPronet/label.aspx?locationNum=05&locationName=Neilson+Dinning+Hall&dtdate=05%2f07%2f2026&RecNumAndPort=600913*1,555.0,20.4,8.2,0.0,68.0,1957.6,,2.2,6.7,28.9,False,False,True,False,False
05/07/2026,2026-05-07T18:01:57,Neilson,Cook/Douglass,Lunch,BREADED FRIED FLOUNDER,4 OZ,https://menuportal23.dining.rutgers.edu/FoodPronet/pickmenu.aspx?locationNum=05&locationName=Neilson+Dinning+Hall&dtdate=05/07/2026&activeMeal=Lunch&sName=Rutgers+University+Dining,https://menuportal23.dining.rutgers.edu/FoodPronet/label.aspx?locationNum=05&locationName=Neilson+Dinning+Hall&dtdate=05%2f07%2f2026&RecNumAndPort=170016*4,399.0,30.3,4.0,,26.7,460.0,,0.0,2.1,10.7,True,True,False,True,True
05/07/2026,2026-05-07T18:01:57,Neilson,Cook/Douglass,Lunch,JACK DANIELS CHICKEN,3 OZ,https://menuportal23.dining.rutgers.edu/FoodPronet/pickmenu.aspx?locationNum=05&locationName=Neilson+Dinning+Hall&dtdate=05/07/2026&activeMeal=Lunch&sName=Rutgers+University+Dining,https://menuportal23.dining.rutgers.edu/FoodPronet/label.aspx?locationNum=05&locationName=Neilson+Dinning+Hall&dtdate=05%2f07%2f2026&RecNumAndPort=111175*3,824.0,56.5,14.4,0.0,70.7,,,1.7,15.5,36.4,False,False,True,False,False
05/07/2026,2026-05-07T18:01:57,Neilson,Cook/Douglass,Lunch,PHILLY BEEF STEAK,4 OZ,https://menuportal23.dining.rutgers.edu/FoodPronet/pickmenu.aspx?locationNum=05&locationName=Neilson+Dinning+Hall&dtdate=05/07/2026&activeMeal=Lunch&sName=Rutgers+University+Dining,https://menuportal23.dining.rutgers.edu/FoodPronet/label.aspx?locationNum=05&locationName=Neilson+Dinning+Hall&dtdate=05%2f07%2f2026&RecNumAndPort=019838*4,203.0,15.5,5.8,0.0,45.6,55.3,,0.7,1.4,12.8,False,False,False,True,True
05/07/2026,2026-05-07T18:01:57,Neilson,Cook/Douglass,Lunch,SEASONED CURLY FRIES,4 OZ,https://menuportal23.dining.rutgers.edu/FoodPronet/pickmenu.aspx?locationNum=05&locationName=Neilson+Dinning+Hall&dtdate=05/07/2026&activeMeal=Lunch&sName=Rutgers+University+Dining,https://menuportal23.dining.rutgers.edu/FoodPronet/label.aspx?locationNum=05&locationName=Neilson+Dinning+Hall&dtdate=05%2f07%2f2026&RecNumAndPort=161003*4,286.0,11.5,3.5,0.0,0.0,235.1,,3.5,0.0,4.4,True,True,False,True,True
05/07/2026,2026-05-07T18:01:57,Neilson,Cook/Douglass,Lunch,STEAMED BROCCOLI & CAULIFLOWER,4 OZ,https://menuportal23.dining.rutgers.edu/FoodPronet/pickmenu.aspx?locationNum=05&locationName=Neilson+Dinning+Hall&dtdate=05/07/2026&activeMeal=Lunch&sName=Rutgers+University+Dining,https://menuportal23.dining.rutgers.edu/FoodPronet/label.aspx?locationNum=05&locationName=Neilson+Dinning+Hall&dtdate=05%2f07%2f2026&RecNumAndPort=130016*4,54.0,2.4,0.3,0.0,0.0,43.5,,2.7,2.6,3.0,True,True,False,True,True
05/07/2026,2026-05-07T18:01:57,Neilson,Cook/Douglass,Lunch,"6"" FLOUR TORTILLA",3 EACH,https://menuportal23.dining.rutgers.edu/FoodPronet/pickmenu.aspx?locationNum=05&locationName=Neilson+Dinning+Hall&dtdate=05/07/2026&activeMeal=Lunch&sName=Rutgers+University+Dining,https://menuportal23.dining.rutgers.edu/FoodPronet/label.aspx?locationNum=05&locationName=Neilson+Dinning+Hall&dtdate=05%2f07%2f2026&RecNumAndPort=150193*3,283.0,5.1,1.5,0.0,0.0,656.8,,2.0,1.0,8.1,True,True,False,True,False
05/07/2026,2026-05-07T18:01:57,Neilson,Cook/Douglass,Lunch,HOMESTYLE REFRIED BEANS,3 OZ,https://menuportal23.dining.rutgers.edu/FoodPronet/pickmenu.aspx?locationNum=05&locationName=Neilson+Dinning+Hall&dtdate=05/07/2026&activeMeal=Lunch&sName=Rutgers+University+Dining,https://menuportal23.dining.rutgers.edu/FoodPronet/label.aspx?locationNum=05&locationName=Neilson+Dinning+Hall&dtdate=05%2f07%2f2026&RecNumAndPort=143058*3,78.0,1.5,0.2,,0.0,365.5,,3.8,2.1,5.1,True,True,False,True,True
05/07/2026,2026-05-07T18:01:57,Neilson,Cook/Douglass,Lunch,PULLED CHICKEN TACO MEAT,3 OZ,https://menuportal23.dining.rutgers.edu/FoodPronet/pickmenu.aspx?locationNum=05&locationName=Neilson+Dinning+Hall&dtdate=05/07/2026&activeMeal=Lunch&sName=Rutgers+University+Dining,https://menuportal23.dining.rutgers.edu/FoodPronet/label.aspx?locationNum=05&locationName=Neilson+Dinning+Hall&dtdate=05%2f07%2f2026&RecNumAndPort=111236*3,124.0,4.3,1.2,0.0,48.0,245.8,,0.9,1.7,16.5,False,False,False,True,True
05/07/2026,2026-05-07T18:01:57,Neilson,Cook/Douglass,Lunch,PULLED PORK TACO MEAT,3 OZ,https://menuportal23.dining.rutgers.edu/FoodPronet/pickmenu.aspx?locationNum=05&locationName=Neilson+Dinning+Hall&dtdate=05/07/2026&activeMeal=Lunch&sName=Rutgers+University+Dining,https://menuportal23.dining.rutgers.edu/FoodPronet/label.aspx?locationNum=05&locationName=Neilson+Dinning+Hall&dtdate=05%2f07%2f2026&RecNumAndPort=195080*3,221.0,12.8,4.3,0.0,81.0,206.1,,0.9,1.7,22.7,False,False,True,True,True
05/07/2026,2026-05-07T18:01:57,Neilson,Cook/Douglass,Lunch,RED BEANS AND RICE,4 OZ,https://menuportal23.dining.rutgers.edu/FoodPronet/pickmenu.aspx?locationNum=05&locationName=Neilson+Dinning+Hall&dtdate=05/07/2026&activeMeal=Lunch&sName=Rutgers+University+Dining,https://menuportal23.dining.rutgers.edu/FoodPronet/label.aspx?locationNum=05&locationName=Neilson+Dinning+Hall&dtdate=05%2f07%2f2026&RecNumAndPort=143105*4,115.0,1.1,0.2,0.0,0.0,452.7,,4.9,4.2,4.7,True,True,False,True,True
05/07/2026,2026-05-07T18:01:57,Neilson,Cook/Douglass,Lunch,TACO SHELLS,2 EACH,https://menuportal23.dining.rutgers.edu/FoodPronet/pickmenu.aspx?locationNum=05&locationName=Neilson+Dinning+Hall&dtdate=05/07/2026&activeMeal=Lunch&sName=Rutgers+University+Dining,https://menuportal23.dining.rutgers.edu/FoodPronet/label.aspx?locationNum=05&locationName=Neilson+Dinning+Hall&dtdate=05%2f07%2f2026&RecNumAndPort=150000*2,106.0,4.7,0.7,0.0,0.0,0.0,,1.3,0.0,1.3,True,True,False,True,True
05/07/2026,2026-05-07T18:01:57,Neilson,Cook/Douglass,Lunch,AVOCADO MASH,2 OZ,https://menuportal23.dining.rutgers.edu/FoodPronet/pickmenu.aspx?locationNum=05&locationName=Neilson+Dinning+Hall&dtdate=05/07/2026&activeMeal=Lunch&sName=Rutgers+University+Dining,https://menuportal23.dining.rutgers.edu/FoodPronet/label.aspx?locationNum=05&locationName=Neilson+Dinning+Hall&dtdate=05%2f07%2f2026&RecNumAndPort=130039*2,125.0,11.3,1.7,0.0,0.0,0.0,,3.4,0.0,1.1,True,True,False,True,True
05/07/2026,2026-05-07T18:01:57,Neilson,Cook/Douglass,Lunch,DICED TOMATOES,2 oz,https://menuportal23.dining.rutgers.edu/FoodPronet/pickmenu.aspx?locationNum=05&locationName=Neilson+Dinning+Hall&dtdate=05/07/2026&activeMeal=Lunch&sName=Rutgers+University+Dining,https://menuportal23.dining.rutgers.edu/FoodPronet/label.aspx?locationNum=05&locationName=Neilson+Dinning+Hall&dtdate=05%2f07%2f2026&RecNumAndPort=130049*2,13.0,0.1,0.0,,0.0,9.1,,0.3,1.6,0.8,True,True,False,True,True
05/07/2026,2026-05-07T18:01:57,Neilson,Cook/Douglass,Lunch,DICED ONIONS,1 OZ,https://menuportal23.dining.rutgers.edu/FoodPronet/pickmenu.aspx?locationNum=05&locationName=Neilson+Dinning+Hall&dtdate=05/07/2026&activeMeal=Lunch&sName=Rutgers+University+Dining,https://menuportal23.dining.rutgers.edu/FoodPronet/label.aspx?locationNum=05&locationName=Neilson+Dinning+Hall&dtdate=05%2f07%2f2026&RecNumAndPort=130068*1,11.0,0.0,0.0,0.0,0.0,1.1,,0.5,1.2,0.3,True,True,False,True,True
05/07/2026,2026-05-07T18:01:57,Neilson,Cook/Douglass,Lunch,GREEN OLIVES,2 OZ,https://menuportal23.dining.rutgers.edu/FoodPronet/pickmenu.aspx?locationNum=05&locationName=Neilson+Dinning+Hall&dtdate=05/07/2026&activeMeal=Lunch&sName=Rutgers+University+Dining,https://menuportal23.dining.rutgers.edu/FoodPronet/label.aspx?locationNum=05&locationName=Neilson+Dinning+Hall&dtdate=05%2f07%2f2026&RecNumAndPort=150190*2,80.0,8.0,0.0,,0.0,880.0,,0.0,0.0,0.0,True,True,False,True,False
05/07/2026,2026-05-07T18:01:57,Neilson,Cook/Douglass,Lunch,HUMMUS,2 OZ,https://menuportal23.dining.rutgers.edu/FoodPronet/pickmenu.aspx?locationNum=05&locationName=Neilson+Dinning+Hall&dtdate=05/07/2026&activeMeal=Lunch&sName=Rutgers+University+Dining,https://menuportal23.dining.rutgers.edu/FoodPronet/label.aspx?locationNum=05&locationName=Neilson+Dinning+Hall&dtdate=05%2f07%2f2026&RecNumAndPort=165053*2,106.0,5.3,0.0,0.0,0.0,239.2,,1.8,0.0,3.5,True,True,False,True,True
05/07/2026,2026-05-07T18:01:57,Neilson,Cook/Douglass,Lunch,LIME WEDGES,1 WEDGE,https://menuportal23.dining.rutgers.edu/FoodPronet/pickmenu.aspx?locationNum=05&locationName=Neilson+Dinning+Hall&dtdate=05/07/2026&activeMeal=Lunch&sName=Rutgers+University+Dining,https://menuportal23.dining.rutgers.edu/FoodPronet/label.aspx?locationNum=05&locationName=Neilson+Dinning+Hall&dtdate=05%2f07%2f2026&RecNumAndPort=120015*1,3.0,0.0,0.0,0.0,0.0,0.2,,0.2,0.1,0.1,True,True,False,True,True
05/07/2026,2026-05-07T18:01:57,Neilson,Cook/Douglass,Lunch,PESTO MAYO,1/2 OZ,https://menuportal23.dining.rutgers.edu/FoodPronet/pickmenu.aspx?locationNum=05&locationName=Neilson+Dinning+Hall&dtdate=05/07/2026&activeMeal=Lunch&sName=Rutgers+University+Dining,https://menuportal23.dining.rutgers.edu/FoodPronet/label.aspx?locationNum=05&locationName=Neilson+Dinning+Hall&dtdate=05%2f07%2f2026&RecNumAndPort=163053*1%2f2,95.0,10.5,1.6,0.0,5.2,94.1,,0.0,0.0,0.0,True,True,False,True,True
05/07/2026,2026-05-07T18:01:57,Neilson,Cook/Douglass,Lunch,RED KIDNEY BEANS,2 OZ,https://menuportal23.dining.rutgers.edu/FoodPronet/pickmenu.aspx?locationNum=05&locationName=Neilson+Dinning+Hall&dtdate=05/07/2026&activeMeal=Lunch&sName=Rutgers+University+Dining,https://menuportal23.dining.rutgers.edu/FoodPronet/label.aspx?locationNum=05&locationName=Neilson+Dinning+Hall&dtdate=05%2f07%2f2026&RecNumAndPort=130267*2,71.0,0.3,0.0,0.0,0.0,0.6,,3.6,0.2,4.9,True,True,False,True,True
05/07/2026,2026-05-07T18:01:57,Neilson,Cook/Douglass,Lunch,RED ONION,2 OZ,https://menuportal23.dining.rutgers.edu/FoodPronet/pickmenu.aspx?locationNum=05&locationName=Neilson+Dinning+Hall&dtdate=05/07/2026&activeMeal=Lunch&sName=Rutgers+University+Dining,https://menuportal23.dining.rutgers.edu/FoodPronet/label.aspx?locationNum=05&locationName=Neilson+Dinning+Hall&dtdate=05%2f07%2f2026&RecNumAndPort=130154*2,22.0,0.1,0.0,,0.0,1.7,,1.0,3.5,0.7,True,True,False,True,True
05/07/2026,2026-05-07T18:01:57,Neilson,Cook/Douglass,Lunch,RIPE SLICED OLIVES,2 OZ,https://menuportal23.dining.rutgers.edu/FoodPronet/pickmenu.aspx?locationNum=05&locationName=Neilson+Dinning+Hall&dtdate=05/07/2026&activeMeal=Lunch&sName=Rutgers+University+Dining,https://menuportal23.dining.rutgers.edu/FoodPronet/label.aspx?locationNum=05&locationName=Neilson+Dinning+Hall&dtdate=05%2f07%2f2026&RecNumAndPort=150188*2,65.0,6.1,0.8,0.0,0.0,416.7,,1.8,0.0,0.5,True,True,False,True,True
05/07/2026,2026-05-07T18:01:57,Neilson,Cook/Douglass,Lunch,SALSA,2 OZ,https://menuportal23.dining.rutgers.edu/FoodPronet/pickmenu.aspx?locationNum=05&locationName=Neilson+Dinning+Hall&dtdate=05/07/2026&activeMeal=Lunch&sName=Rutgers+University+Dining,https://menuportal23.dining.rutgers.edu/FoodPronet/label.aspx?locationNum=05&locationName=Neilson+Dinning+Hall&dtdate=05%2f07%2f2026&RecNumAndPort=150013*2,21.0,0.0,,,,330.7,,,2.1,0.0,True,True,False,True,True
05/07/2026,2026-05-07T18:01:57,Neilson,Cook/Douglass,Lunch,SHREDDED CHEDDAR CHEESE,1 OZ,https://menuportal23.dining.rutgers.edu/FoodPronet/pickmenu.aspx?locationNum=05&locationName=Neilson+Dinning+Hall&dtdate=05/07/2026&activeMeal=Lunch&sName=Rutgers+University+Dining,https://menuportal23.dining.rutgers.edu/FoodPronet/label.aspx?locationNum=05&locationName=Neilson+Dinning+Hall&dtdate=05%2f07%2f2026&RecNumAndPort=150022*1,114.0,9.4,6.0,,29.8,176.1,,0.0,0.1,7.1,True,False,False,True,True
05/07/2026,2026-05-07T18:01:57,Neilson,Cook/Douglass,Lunch,SHREDDED LETTUCE,2 OZ,https://menuportal23.dining.rutgers.edu/FoodPronet/pickmenu.aspx?locationNum=05&locationName=Neilson+Dinning+Hall&dtdate=05/07/2026&activeMeal=Lunch&sName=Rutgers+University+Dining,https://menuportal23.dining.rutgers.edu/FoodPronet/label.aspx?locationNum=05&locationName=Neilson+Dinning+Hall&dtdate=05%2f07%2f2026&RecNumAndPort=130218*2,8.0,0.1,0.0,0.0,0.0,5.7,,0.6,1.0,0.5,True,True,False,True,True
05/07/2026,2026-05-07T18:01:57,Neilson,Cook/Douglass,Lunch,SHREDDED MONTEREY JACK CHEESE,2 OZ,https://menuportal23.dining.rutgers.edu/FoodPronet/pickmenu.aspx?locationNum=05&locationName=Neilson+Dinning+Hall&dtdate=05/07/2026&activeMeal=Lunch&sName=Rutgers+University+Dining,https://menuportal23.dining.rutgers.edu/FoodPronet/label.aspx?locationNum=05&locationName=Neilson+Dinning+Hall&dtdate=05%2f07%2f2026&RecNumAndPort=150021*2,203.0,16.2,10.1,0.0,50.6,324.0,,0.0,0.0,14.2,True,False,False,True,True
05/07/2026,2026-05-07T18:01:57,Neilson,Cook/Douglass,Lunch,SLICED JALAPENOS PEPPERS,2 OZ,https://menuportal23.dining.rutgers.edu/FoodPronet/pickmenu.aspx?locationNum=05&locationName=Neilson+Dinning+Hall&dtdate=05/07/2026&activeMeal=Lunch&sName=Rutgers+University+Dining,https://menuportal23.dining.rutgers.edu/FoodPronet/label.aspx?locationNum=05&locationName=Neilson+Dinning+Hall&dtdate=05%2f07%2f2026&RecNumAndPort=150024*2,22.0,0.3,0.0,,0.0,795.9,,0.9,,0.5,True,True,False,True,False
05/07/2026,2026-05-07T18:01:57,Neilson,Cook/Douglass,Lunch,SLICED SCALLIONS,1 OZ,https://menuportal23.dining.rutgers.edu/FoodPronet/pickmenu.aspx?locationNum=05&locationName=Neilson+Dinning+Hall&dtdate=05/07/2026&activeMeal=Lunch&sName=Rutgers+University+Dining,https://menuportal23.dining.rutgers.edu/FoodPronet/label.aspx?locationNum=05&locationName=Neilson+Dinning+Hall&dtdate=05%2f07%2f2026&RecNumAndPort=130050*1,9.0,0.1,0.0,0.0,0.0,4.5,,0.7,0.7,0.5,True,True,False,True,True
05/07/2026,2026-05-07T18:01:57,Neilson,Cook/Douglass,Lunch,SOUR CREAM,2 OZ,https://menuportal23.dining.rutgers.edu/FoodPronet/pickmenu.aspx?locationNum=05&locationName=Neilson+Dinning+Hall&dtdate=05/07/2026&activeMeal=Lunch&sName=Rutgers+University+Dining,https://menuportal23.dining.rutgers.edu/FoodPronet/label.aspx?locationNum=05&locationName=Neilson+Dinning+Hall&dtdate=05%2f07%2f2026&RecNumAndPort=150173*2,109.0,11.2,6.5,0.4,29.5,45.4,,0.0,1.6,1.2,True,False,False,True,True
05/07/2026,2026-05-07T18:01:57,Neilson,Cook/Douglass,Lunch,SRIRACHA MAYO,1/2 OZ,https://menuportal23.dining.rutgers.edu/FoodPronet/pickmenu.aspx?locationNum=05&locationName=Neilson+Dinning+Hall&dtdate=05/07/2026&activeMeal=Lunch&sName=Rutgers+University+Dining,https://menuportal23.dining.rutgers.edu/FoodPronet/label.aspx?locationNum=05&locationName=Neilson+Dinning+Hall&dtdate=05%2f07%2f2026&RecNumAndPort=163051*1%2f2,80.0,8.9,1.3,0.0,4.5,134.2,,0.0,0.0,0.0,True,True,False,True,True
05/07/2026,2026-05-07T18:01:57,Neilson,Cook/Douglass,Lunch,SWEET CORN KERNELS,4 OZ,https://menuportal23.dining.rutgers.edu/FoodPronet/pickmenu.aspx?locationNum=05&locationName=Neilson+Dinning+Hall&dtdate=05/07/2026&activeMeal=Lunch&sName=Rutgers+University+Dining,https://menuportal23.dining.rutgers.edu/FoodPronet/label.aspx?locationNum=05&locationName=Neilson+Dinning+Hall&dtdate=05%2f07%2f2026&RecNumAndPort=130060*4,118.0,3.3,0.3,0.0,0.0,12.6,,1.3,6.3,3.8,True,True,False,True,True
05/07/2026,2026-05-07T18:01:57,Neilson,Cook/Douglass,Lunch,BABY SPINACH,4 OZ,https://menuportal23.dining.rutgers.edu/FoodPronet/pickmenu.aspx?locationNum=05&locationName=Neilson+Dinning+Hall&dtdate=05/07/2026&activeMeal=Lunch&sName=Rutgers+University+Dining,https://menuportal23.dining.rutgers.edu/FoodPronet/label.aspx?locationNum=05&locationName=Neilson+Dinning+Hall&dtdate=05%2f07%2f2026&RecNumAndPort=130019*4,7.0,0.1,0.0,0.0,0.0,22.4,,0.6,0.1,0.8,True,True,False,True,True
05/07/2026,2026-05-07T18:01:57,Neilson,Cook/Douglass,Lunch,BROCCOLI FLORETS,4 OZ,https://menuportal23.dining.rutgers.edu/FoodPronet/pickmenu.aspx?locationNum=05&locationName=Neilson+Dinning+Hall&dtdate=05/07/2026&activeMeal=Lunch&sName=Rutgers+University+Dining,https://menuportal23.dining.rutgers.edu/FoodPronet/label.aspx?locationNum=05&locationName=Neilson+Dinning+Hall&dtdate=05%2f07%2f2026&RecNumAndPort=130034*4,39.0,0.4,0.0,0.0,0.0,148.3,,2.9,1.9,3.2,True,True,False,True,True
05/07/2026,2026-05-07T18:01:57,Neilson,Cook/Douglass,Lunch,CHOPPED RED & GREEN PEPPERS,1 OZ,https://menuportal23.dining.rutgers.edu/FoodPronet/pickmenu.aspx?locationNum=05&locationName=Neilson+Dinning+Hall&dtdate=05/07/2026&activeMeal=Lunch&sName=Rutgers+University+Dining,https://menuportal23.dining.rutgers.edu/FoodPronet/label.aspx?locationNum=05&locationName=Neilson+Dinning+Hall&dtdate=05%2f07%2f2026&RecNumAndPort=130207*1,8.0,0.1,0.0,0.0,0.0,1.0,,0.5,0.9,0.3,True,True,False,True,True
05/07/2026,2026-05-07T18:01:57,Neilson,Cook/Douglass,Lunch,EGG WHITES,4 OZ,https://menuportal23.dining.rutgers.edu/FoodPronet/pickmenu.aspx?locationNum=05&locationName=Neilson+Dinning+Hall&dtdate=05/07/2026&activeMeal=Lunch&sName=Rutgers+University+Dining,https://menuportal23.dining.rutgers.edu/FoodPronet/label.aspx?locationNum=05&locationName=Neilson+Dinning+Hall&dtdate=05%2f07%2f2026&RecNumAndPort=061049*4,53.0,0.0,0.0,,0.0,179.2,,0.0,,11.1,True,False,False,True,True
05/07/2026,2026-05-07T18:01:57,Neilson,Cook/Douglass,Lunch,EGGS,4 OZ,https://menuportal23.dining.rutgers.edu/FoodPronet/pickmenu.aspx?locationNum=05&locationName=Neilson+Dinning+Hall&dtdate=05/07/2026&activeMeal=Lunch&sName=Rutgers+University+Dining,https://menuportal23.dining.rutgers.edu/FoodPronet/label.aspx?locationNum=05&locationName=Neilson+Dinning+Hall&dtdate=05%2f07%2f2026&RecNumAndPort=061033*4,168.0,11.6,3.6,,489.9,150.8,,0.0,,13.6,True,False,False,True,True
05/07/2026,2026-05-07T18:01:57,Neilson,Cook/Douglass,Lunch,PORK BACON BITS,1/2 OZ,https://menuportal23.dining.rutgers.edu/FoodPronet/pickmenu.aspx?locationNum=05&locationName=Neilson+Dinning+Hall&dtdate=05/07/2026&activeMeal=Lunch&sName=Rutgers+University+Dining,https://menuportal23.dining.rutgers.edu/FoodPronet/label.aspx?locationNum=05&locationName=Neilson+Dinning+Hall&dtdate=05%2f07%2f2026&RecNumAndPort=195082*1%2f2,71.0,6.1,2.0,0.0,10.1,303.8,,0.0,0.0,4.1,False,False,False,True,True
05/07/2026,2026-05-07T18:01:57,Neilson,Cook/Douglass,Lunch,PORK SAUSAGE CRUMBLES,2 OZ,https://menuportal23.dining.rutgers.edu/FoodPronet/pickmenu.aspx?locationNum=05&locationName=Neilson+Dinning+Hall&dtdate=05/07/2026&activeMeal=Lunch&sName=Rutgers+University+Dining,https://menuportal23.dining.rutgers.edu/FoodPronet/label.aspx?locationNum=05&locationName=Neilson+Dinning+Hall&dtdate=05%2f07%2f2026&RecNumAndPort=195009*2,190.0,17.0,5.2,,44.3,489.1,,0.0,1.5,7.0,False,False,False,True,True
05/07/2026,2026-05-07T18:01:57,Neilson,Cook/Douglass,Lunch,SLICED MUSHROOMS,2 OZ,https://menuportal23.dining.rutgers.edu/FoodPronet/pickmenu.aspx?locationNum=05&locationName=Neilson+Dinning+Hall&dtdate=05/07/2026&activeMeal=Lunch&sName=Rutgers+University+Dining,https://menuportal23.dining.rutgers.edu/FoodPronet/label.aspx?locationNum=05&locationName=Neilson+Dinning+Hall&dtdate=05%2f07%2f2026&RecNumAndPort=130127*2,12.0,0.2,0.0,0.0,0.0,2.8,,0.6,1.1,1.8,True,True,False,True,True
05/07/2026,2026-05-07T18:01:57,Neilson,Cook/Douglass,Lunch,SLICED YELLOW AMERICAN CHEESE,2/3 OZ,https://menuportal23.dining.rutgers.edu/FoodPronet/pickmenu.aspx?locationNum=05&locationName=Neilson+Dinning+Hall&dtdate=05/07/2026&activeMeal=Lunch&sName=Rutgers+University+Dining,https://menuportal23.dining.rutgers.edu/FoodPronet/label.aspx?locationNum=05&locationName=Neilson+Dinning+Hall&dtdate=05%2f07%2f2026&RecNumAndPort=150056*2%2f3,82.0,7.2,6.2,,15.5,288.7,,0.0,0.0,5.2,True,False,False,True,True
05/07/2026,2026-05-07T18:01:57,Neilson,Cook/Douglass,Lunch,SMALL DICED HAM,1 OZ,https://menuportal23.dining.rutgers.edu/FoodPronet/pickmenu.aspx?locationNum=05&locationName=Neilson+Dinning+Hall&dtdate=05/07/2026&activeMeal=Lunch&sName=Rutgers+University+Dining,https://menuportal23.dining.rutgers.edu/FoodPronet/label.aspx?locationNum=05&locationName=Neilson+Dinning+Hall&dtdate=05%2f07%2f2026&RecNumAndPort=195029*1,30.0,1.3,0.5,,12.7,374.6,,,1.0,4.1,False,False,False,True,True
05/07/2026,2026-05-07T18:01:57,Neilson,Cook/Douglass,Lunch,VEGAN EGG,4 OZ,https://menuportal23.dining.rutgers.edu/FoodPronet/pickmenu.aspx?locationNum=05&locationName=Neilson+Dinning+Hall&dtdate=05/07/2026&activeMeal=Lunch&sName=Rutgers+University+Dining,https://menuportal23.dining.rutgers.edu/FoodPronet/label.aspx?locationNum=05&locationName=Neilson+Dinning+Hall&dtdate=05%2f07%2f2026&RecNumAndPort=142999*4,176.0,12.6,0.0,0.0,0.0,403.2,,0.0,0.0,12.6,True,False,False,True,True
05/07/2026,2026-05-07T18:01:57,Neilson,Cook/Douglass,Lunch,ASIAN PORK RIBS,1 EACH,https://menuportal23.dining.rutgers.edu/FoodPronet/pickmenu.aspx?locationNum=05&locationName=Neilson+Dinning+Hall&dtdate=05/07/2026&activeMeal=Lunch&sName=Rutgers+University+Dining,https://menuportal23.dining.rutgers.edu/FoodPronet/label.aspx?locationNum=05&locationName=Neilson+Dinning+Hall&dtdate=05%2f07%2f2026&RecNumAndPort=500266*1,554.0,37.9,13.5,0.0,78.3,747.5,,0.8,22.8,25.8,False,False,True,False,False
05/07/2026,2026-05-07T18:01:57,Neilson,Cook/Douglass,Lunch,GREEN PEAS,4 OZ,https://menuportal23.dining.rutgers.edu/FoodPronet/pickmenu.aspx?locationNum=05&locationName=Neilson+Dinning+Hall&dtdate=05/07/2026&activeMeal=Lunch&sName=Rutgers+University+Dining,https://menuportal23.dining.rutgers.edu/FoodPronet/label.aspx?locationNum=05&locationName=Neilson+Dinning+Hall&dtdate=05%2f07%2f2026&RecNumAndPort=130042*4,90.0,0.6,0.0,,0.0,133.9,,5.1,7.7,6.4,True,True,False,True,True
05/07/2026,2026-05-07T18:01:57,Neilson,Cook/Douglass,Lunch,STEAMED WHITE RICE,3 OZ,https://menuportal23.dining.rutgers.edu/FoodPronet/pickmenu.aspx?locationNum=05&locationName=Neilson+Dinning+Hall&dtdate=05/07/2026&activeMeal=Lunch&sName=Rutgers+University+Dining,https://menuportal23.dining.rutgers.edu/FoodPronet/label.aspx?locationNum=05&locationName=Neilson+Dinning+Hall&dtdate=05%2f07%2f2026&RecNumAndPort=163017*3,147.0,0.2,0.1,0.0,0.0,86.8,,0.6,0.2,2.7,True,True,False,True,True
05/07/2026,2026-05-07T18:01:57,Neilson,Cook/Douglass,Lunch,THAI RED CURRY CHICKEN,6 OZ,https://menuportal23.dining.rutgers.edu/FoodPronet/pickmenu.aspx?locationNum=05&locationName=Neilson+Dinning+Hall&dtdate=05/07/2026&activeMeal=Lunch&sName=Rutgers+University+Dining,https://menuportal23.dining.rutgers.edu/FoodPronet/label.aspx?locationNum=05&locationName=Neilson+Dinning+Hall&dtdate=05%2f07%2f2026&RecNumAndPort=111145*6,214.0,6.1,2.7,0.0,61.1,409.9,,1.5,3.9,22.2,False,False,True,True,True
05/07/2026,2026-05-07T18:01:57,Neilson,Cook/Douglass,Lunch,VEGETABLE FRIED RICE,4 OZ,https://menuportal23.dining.rutgers.edu/FoodPronet/pickmenu.aspx?locationNum=05&locationName=Neilson+Dinning+Hall&dtdate=05/07/2026&activeMeal=Lunch&sName=Rutgers+University+Dining,https://menuportal23.dining.rutgers.edu/FoodPronet/label.aspx?locationNum=05&locationName=Neilson+Dinning+Hall&dtdate=05%2f07%2f2026&RecNumAndPort=163025*4,88.0,1.9,0.3,0.0,0.0,460.0,,1.8,1.7,3.4,True,True,False,True,True
05/07/2026,2026-05-07T18:01:57,Neilson,Cook/Douglass,Lunch,VEGETABLE LO MEIN,6 OZ,https://menuportal23.dining.rutgers.edu/FoodPronet/pickmenu.aspx?locationNum=05&locationName=Neilson+Dinning+Hall&dtdate=05/07/2026&activeMeal=Lunch&sName=Rutgers+University+Dining,https://menuportal23.dining.rutgers.edu/FoodPronet/label.aspx?locationNum=05&locationName=Neilson+Dinning+Hall&dtdate=05%2f07%2f2026&RecNumAndPort=143154*6,354.0,19.0,3.8,0.0,0.0,358.9,,3.6,3.2,8.3,True,True,False,True,True
05/07/2026,2026-05-07T18:01:57,Neilson,Cook/Douglass,Lunch,CHEESE PIZZA,1 SLICE,https://menuportal23.dining.rutgers.edu/FoodPronet/pickmenu.aspx?locationNum=05&locationName=Neilson+Dinning+Hall&dtdate=05/07/2026&activeMeal=Lunch&sName=Rutgers+University+Dining,https://menuportal23.dining.rutgers.edu/FoodPronet/label.aspx?locationNum=05&locationName=Neilson+Dinning+Hall&dtdate=05%2f07%2f2026&RecNumAndPort=130298*1,176.0,5.9,2.8,0.0,13.5,283.1,,1.9,2.7,8.6,True,False,False,True,True
05/07/2026,2026-05-07T18:01:57,Neilson,Cook/Douglass,Lunch,CHICKEN PARMESAN PIZZA,1 SLICE,https://menuportal23.dining.rutgers.edu/FoodPronet/pickmenu.aspx?locationNum=05&locationName=Neilson+Dinning+Hall&dtdate=05/07/2026&activeMeal=Lunch&sName=Rutgers+University+Dining,https://menuportal23.dining.rutgers.edu/FoodPronet/label.aspx?locationNum=05&locationName=Neilson+Dinning+Hall&dtdate=05%2f07%2f2026&RecNumAndPort=130179*1,278.0,10.4,3.4,0.0,35.4,512.6,,2.2,2.7,17.4,False,False,False,True,True
05/07/2026,2026-05-07T18:01:57,Neilson,Cook/Douglass,Lunch,HAND TOSSED PEPPER & ONION PIZZA,1 SLICE,https://menuportal23.dining.rutgers.edu/FoodPronet/pickmenu.aspx?locationNum=05&locationName=Neilson+Dinning+Hall&dtdate=05/07/2026&activeMeal=Lunch&sName=Rutgers+University+Dining,https://menuportal23.dining.rutgers.edu/FoodPronet/label.aspx?locationNum=05&locationName=Neilson+Dinning+Hall&dtdate=05%2f07%2f2026&RecNumAndPort=130300*1,178.0,5.9,2.8,0.0,13.5,283.4,,2.0,3.0,8.7,True,True,False,True,True
05/07/2026,2026-05-07T18:01:57,Neilson,Cook/Douglass,Lunch,MANICOTTI,2 EACH,https://menuportal23.dining.rutgers.edu/FoodPronet/pickmenu.aspx?locationNum=05&locationName=Neilson+Dinning+Hall&dtdate=05/07/2026&activeMeal=Lunch&sName=Rutgers+University+Dining,https://menuportal23.dining.rutgers.edu/FoodPronet/label.aspx?locationNum=05&locationName=Neilson+Dinning+Hall&dtdate=05%2f07%2f2026&RecNumAndPort=140006*2,325.0,15.3,7.8,0.0,43.8,474.7,,2.0,3.5,15.5,True,True,False,True,True
05/07/2026,2026-05-07T18:01:57,Neilson,Cook/Douglass,Lunch,MARINARA SAUCE,4 OZ,https://menuportal23.dining.rutgers.edu/FoodPronet/pickmenu.aspx?locationNum=05&locationName=Neilson+Dinning+Hall&dtdate=05/07/2026&activeMeal=Lunch&sName=Rutgers+University+Dining,https://menuportal23.dining.rutgers.edu/FoodPronet/label.aspx?locationNum=05&locationName=Neilson+Dinning+Hall&dtdate=05%2f07%2f2026&RecNumAndPort=157169*4,39.0,0.3,0.0,0.0,0.0,220.3,,1.1,5.6,1.0,True,True,False,True,True
05/07/2026,2026-05-07T18:01:57,Neilson,Cook/Douglass,Lunch,PASTA DU JOUR,4 OZ,https://menuportal23.dining.rutgers.edu/FoodPronet/pickmenu.aspx?locationNum=05&locationName=Neilson+Dinning+Hall&dtdate=05/07/2026&activeMeal=Lunch&sName=Rutgers+University+Dining,https://menuportal23.dining.rutgers.edu/FoodPronet/label.aspx?locationNum=05&locationName=Neilson+Dinning+Hall&dtdate=05%2f07%2f2026&RecNumAndPort=140149*4,334.0,2.7,0.1,0.0,0.0,44.5,,4.9,1.6,11.3,True,True,False,True,True
05/07/2026,2026-05-07T18:01:57,Neilson,Cook/Douglass,Lunch,TURKEY PEPPERONI PIZZA,1 SLICE,https://menuportal23.dining.rutgers.edu/FoodPronet/pickmenu.aspx?locationNum=05&locationName=Neilson+Dinning+Hall&dtdate=05/07/2026&activeMeal=Lunch&sName=Rutgers+University+Dining,https://menuportal23.dining.rutgers.edu/FoodPronet/label.aspx?locationNum=05&locationName=Neilson+Dinning+Hall&dtdate=05%2f07%2f2026&RecNumAndPort=111243*1,186.0,6.4,2.9,0.0,17.7,337.1,,1.9,2.9,9.7,False,False,False,True,True
05/07/2026,2026-05-07T18:01:57,Neilson,Cook/Douglass,Lunch,VODKA SAUCE,4 OZ,https://menuportal23.dining.rutgers.edu/FoodPronet/pickmenu.aspx?locationNum=05&locationName=Neilson+Dinning+Hall&dtdate=05/07/2026&activeMeal=Lunch&sName=Rutgers+University+Dining,https://menuportal23.dining.rutgers.edu/FoodPronet/label.aspx?locationNum=05&locationName=Neilson+Dinning+Hall&dtdate=05%2f07%2f2026&RecNumAndPort=157092*4,158.0,11.3,6.9,0.3,33.1,161.8,,0.7,4.0,2.2,True,True,False,True,True
05/07/2026,2026-05-07T18:01:57,Neilson,Cook/Douglass,Lunch,BAKED BROWN RICE,4 OZ,https://menuportal23.dining.rutgers.edu/FoodPronet/pickmenu.aspx?locationNum=05&locationName=Neilson+Dinning+Hall&dtdate=05/07/2026&activeMeal=Lunch&sName=Rutgers+University+Dining,https://menuportal23.dining.rutgers.edu/FoodPronet/label.aspx?locationNum=05&locationName=Neilson+Dinning+Hall&dtdate=05%2f07%2f2026&RecNumAndPort=163001*4,201.0,1.6,0.3,0.0,0.0,119.0,,1.9,0.5,4.3,True,True,False,True,True
05/07/2026,2026-05-07T18:01:57,Neilson,Cook/Douglass,Lunch,BAKED HALF POTATO W TRUFFLE OIL,1 EACH,https://menuportal23.dining.rutgers.edu/FoodPronet/pickmenu.aspx?locationNum=05&locationName=Neilson+Dinning+Hall&dtdate=05/07/2026&activeMeal=Lunch&sName=Rutgers+University+Dining,https://menuportal23.dining.rutgers.edu/FoodPronet/label.aspx?locationNum=05&locationName=Neilson+Dinning+Hall&dtdate=05%2f07%2f2026&RecNumAndPort=130458*1,194.0,7.8,1.1,0.0,0.0,563.9,,2.7,1.8,2.8,True,True,False,True,True
05/07/2026,2026-05-07T18:01:57,Neilson,Cook/Douglass,Lunch,GARLICKY CHICKPEAS IN A ZESTY TOMATO SAUCE,4 OZ,https://menuportal23.dining.rutgers.edu/FoodPronet/pickmenu.aspx?locationNum=05&locationName=Neilson+Dinning+Hall&dtdate=05/07/2026&activeMeal=Lunch&sName=Rutgers+University+Dining,https://menuportal23.dining.rutgers.edu/FoodPronet/label.aspx?locationNum=05&locationName=Neilson+Dinning+Hall&dtdate=05%2f07%2f2026&RecNumAndPort=130407*4,78.0,1.0,0.0,0.0,0.0,355.0,,3.4,1.8,4.1,True,True,False,True,True
05/07/2026,2026-05-07T18:01:57,Neilson,Cook/Douglass,Lunch,ROASTED BROCCOLI WITH YELLOW SQUASH,4 OZ,https://menuportal23.dining.rutgers.edu/FoodPronet/pickmenu.aspx?locationNum=05&locationName=Neilson+Dinning+Hall&dtdate=05/07/2026&activeMeal=Lunch&sName=Rutgers+University+Dining,https://menuportal23.dining.rutgers.edu/FoodPronet/label.aspx?locationNum=05&locationName=Neilson+Dinning+Hall&dtdate=05%2f07%2f2026&RecNumAndPort=130399*4,82.0,5.3,0.7,0.0,0.0,604.3,,2.5,1.3,3.1,True,True,False,True,False
05/07/2026,2026-05-07T18:01:57,Neilson,Cook/Douglass,Lunch,GRILLED CHICKEN MONTREAL,1 EACH,https://menuportal23.dining.rutgers.edu/FoodPronet/pickmenu.aspx?locationNum=05&locationName=Neilson+Dinning+Hall&dtdate=05/07/2026&activeMeal=Lunch&sName=Rutgers+University+Dining,https://menuportal23.dining.rutgers.edu/FoodPronet/label.aspx?locationNum=05&locationName=Neilson+Dinning+Hall&dtdate=05%2f07%2f2026&RecNumAndPort=111319*1,156.0,6.1,1.1,0.0,80.5,124.6,,0.0,0.0,25.3,False,False,True,True,True
05/07/2026,2026-05-07T18:01:57,Neilson,Cook/Douglass,Lunch,ROTISSERIE STYLE CHICKEN,2 PIECE,https://menuportal23.dining.rutgers.edu/FoodPronet/pickmenu.aspx?locationNum=05&locationName=Neilson+Dinning+Hall&dtdate=05/07/2026&activeMeal=Lunch&sName=Rutgers+University+Dining,https://menuportal23.dining.rutgers.edu/FoodPronet/label.aspx?locationNum=05&locationName=Neilson+Dinning+Hall&dtdate=05%2f07%2f2026&RecNumAndPort=111010*2,421.0,18.2,5.7,0.0,248.4,320.9,,0.1,0.0,63.4,False,False,True,False,True
05/07/2026,2026-05-07T18:01:57,Neilson,Cook/Douglass,Dinner,CHICKEN NOODLE SOUP,6 OZL,https://menuportal23.dining.rutgers.edu/FoodPronet/pickmenu.aspx?locationNum=05&locationName=Neilson+Dinning+Hall&dtdate=05/07/2026&activeMeal=Dinner&sName=Rutgers+University+Dining,https://menuportal23.dining.rutgers.edu/FoodPronet/label.aspx?locationNum=05&locationName=Neilson+Dinning+Hall&dtdate=05%2f07%2f2026&RecNumAndPort=020011*6,76.0,2.5,0.7,0.0,26.5,390.8,,0.9,2.2,6.8,False,False,False,True,True
05/07/2026,2026-05-07T18:01:57,Neilson,Cook/Douglass,Dinner,CREAM OF TOMATO SOUP,6 OZ,https://menuportal23.dining.rutgers.edu/FoodPronet/pickmenu.aspx?locationNum=05&locationName=Neilson+Dinning+Hall&dtdate=05/07/2026&activeMeal=Dinner&sName=Rutgers+University+Dining,https://menuportal23.dining.rutgers.edu/FoodPronet/label.aspx?locationNum=05&locationName=Neilson+Dinning+Hall&dtdate=05%2f07%2f2026&RecNumAndPort=020032*6,138.0,9.4,5.8,0.3,27.3,322.4,,0.7,5.6,2.6,True,False,False,True,True
05/07/2026,2026-05-07T18:01:57,Neilson,Cook/Douglass,Dinner,DYNAMITE BUFFALO TOFU WRAP,1 EA,https://menuportal23.dining.rutgers.edu/FoodPronet/pickmenu.aspx?locationNum=05&locationName=Neilson+Dinning+Hall&dtdate=05/07/2026&activeMeal=Dinner&sName=Rutgers+University+Dining,https://menuportal23.dining.rutgers.edu/FoodPronet/label.aspx?locationNum=05&locationName=Neilson+Dinning+Hall&dtdate=05%2f07%2f2026&RecNumAndPort=600914*1,488.0,16.6,3.0,0.0,0.0,1627.0,,2.2,3.6,19.8,True,True,False,False,False
05/07/2026,2026-05-07T18:01:57,Neilson,Cook/Douglass,Dinner,HAM AND SWISS WRAP,1 EACH,https://menuportal23.dining.rutgers.edu/FoodPronet/pickmenu.aspx?locationNum=05&locationName=Neilson+Dinning+Hall&dtdate=05/07/2026&activeMeal=Dinner&sName=Rutgers+University+Dining,https://menuportal23.dining.rutgers.edu/FoodPronet/label.aspx?locationNum=05&locationName=Neilson+Dinning+Hall&dtdate=05%2f07%2f2026&RecNumAndPort=600913*1,555.0,20.4,8.2,0.0,68.0,1957.6,,2.2,6.7,28.9,False,False,True,False,False
05/07/2026,2026-05-07T18:01:57,Neilson,Cook/Douglass,Dinner,BROWN BASMATI RICE,4 OZ,https://menuportal23.dining.rutgers.edu/FoodPronet/pickmenu.aspx?locationNum=05&locationName=Neilson+Dinning+Hall&dtdate=05/07/2026&activeMeal=Dinner&sName=Rutgers+University+Dining,https://menuportal23.dining.rutgers.edu/FoodPronet/label.aspx?locationNum=05&locationName=Neilson+Dinning+Hall&dtdate=05%2f07%2f2026&RecNumAndPort=600636*4,156.0,1.5,0.4,0.0,0.0,292.1,,2.1,0.6,3.6,True,True,False,True,True
05/07/2026,2026-05-07T18:01:57,Neilson,Cook/Douglass,Dinner,BUTTER CHICKEN WITH CREAMY TOMATO SAUCE,4 OZ,https://menuportal23.dining.rutgers.edu/FoodPronet/pickmenu.aspx?locationNum=05&locationName=Neilson+Dinning+Hall&dtdate=05/07/2026&activeMeal=Dinner&sName=Rutgers+University+Dining,https://menuportal23.dining.rutgers.edu/FoodPronet/label.aspx?locationNum=05&locationName=Neilson+Dinning+Hall&dtdate=05%2f07%2f2026&RecNumAndPort=111346*4,189.0,13.6,7.7,0.5,83.5,344.9,,0.6,2.1,12.5,False,False,False,True,True
05/07/2026,2026-05-07T18:01:57,Neilson,Cook/Douglass,Dinner,POTATO CRUSTED COD,5 OZ,https://menuportal23.dining.rutgers.edu/FoodPronet/pickmenu.aspx?locationNum=05&locationName=Neilson+Dinning+Hall&dtdate=05/07/2026&activeMeal=Dinner&sName=Rutgers+University+Dining,https://menuportal23.dining.rutgers.edu/FoodPronet/label.aspx?locationNum=05&locationName=Neilson+Dinning+Hall&dtdate=05%2f07%2f2026&RecNumAndPort=170136*5,250.0,6.0,0.5,0.0,39.9,469.2,,0.0,0.5,19.0,True,True,False,True,True
05/07/2026,2026-05-07T18:01:57,Neilson,Cook/Douglass,Dinner,ROASTED CAULIFLOWER WITH TURMERIC AND WARMING SPICES,4 OZ,https://menuportal23.dining.rutgers.edu/FoodPronet/pickmenu.aspx?locationNum=05&locationName=Neilson+Dinning+Hall&dtdate=05/07/2026&activeMeal=Dinner&sName=Rutgers+University+Dining,https://menuportal23.dining.rutgers.edu/FoodPronet/label.aspx?locationNum=05&locationName=Neilson+Dinning+Hall&dtdate=05%2f07%2f2026&RecNumAndPort=130499*4,37.0,0.5,0.1,0.0,0.0,50.1,,2.6,3.2,2.8,True,True,False,True,True
05/07/2026,2026-05-07T18:01:57,Neilson,Cook/Douglass,Dinner,STEWED SPINACH WITH TOFU,4 OZ,https://menuportal23.dining.rutgers.edu/FoodPronet/pickmenu.aspx?locationNum=05&locationName=Neilson+Dinning+Hall&dtdate=05/07/2026&activeMeal=Dinner&sName=Rutgers+University+Dining,https://menuportal23.dining.rutgers.edu/FoodPronet/label.aspx?locationNum=05&locationName=Neilson+Dinning+Hall&dtdate=05%2f07%2f2026&RecNumAndPort=130551*4,61.0,2.5,0.4,0.0,0.0,53.5,,2.3,1.2,5.7,True,True,False,True,True
05/07/2026,2026-05-07T18:01:57,Neilson,Cook/Douglass,Dinner,"6"" FLOUR TORTILLA",3 EACH,https://menuportal23.dining.rutgers.edu/FoodPronet/pickmenu.aspx?locationNum=05&locationName=Neilson+Dinning+Hall&dtdate=05/07/2026&activeMeal=Dinner&sName=Rutgers+University+Dining,https://menuportal23.dining.rutgers.edu/FoodPronet/label.aspx?locationNum=05&locationName=Neilson+Dinning+Hall&dtdate=05%2f07%2f2026&RecNumAndPort=150193*3,283.0,5.1,1.5,0.0,0.0,656.8,,2.0,1.0,8.1,True,True,False,True,False
05/07/2026,2026-05-07T18:01:57,Neilson,Cook/Douglass,Dinner,HOMESTYLE REFRIED BEANS,3 OZ,https://menuportal23.dining.rutgers.edu/FoodPronet/pickmenu.aspx?locationNum=05&locationName=Neilson+Dinning+Hall&dtdate=05/07/2026&activeMeal=Dinner&sName=Rutgers+University+Dining,https://menuportal23.dining.rutgers.edu/FoodPronet/label.aspx?locationNum=05&locationName=Neilson+Dinning+Hall&dtdate=05%2f07%2f2026&RecNumAndPort=143058*3,78.0,1.5,0.2,,0.0,365.5,,3.8,2.1,5.1,True,True,False,True,True
05/07/2026,2026-05-07T18:01:57,Neilson,Cook/Douglass,Dinner,PULLED CHICKEN TACO MEAT,3 OZ,https://menuportal23.dining.rutgers.edu/FoodPronet/pickmenu.aspx?locationNum=05&locationName=Neilson+Dinning+Hall&dtdate=05/07/2026&activeMeal=Dinner&sName=Rutgers+University+Dining,https://menuportal23.dining.rutgers.edu/FoodPronet/label.aspx?locationNum=05&locationName=Neilson+Dinning+Hall&dtdate=05%2f07%2f2026&RecNumAndPort=111236*3,124.0,4.3,1.2,0.0,48.0,245.8,,0.9,1.7,16.5,False,False,False,True,True
05/07/2026,2026-05-07T18:01:57,Neilson,Cook/Douglass,Dinner,PULLED PORK TACO MEAT,3 OZ,https://menuportal23.dining.rutgers.edu/FoodPronet/pickmenu.aspx?locationNum=05&locationName=Neilson+Dinning+Hall&dtdate=05/07/2026&activeMeal=Dinner&sName=Rutgers+University+Dining,https://menuportal23.dining.rutgers.edu/FoodPronet/label.aspx?locationNum=05&locationName=Neilson+Dinning+Hall&dtdate=05%2f07%2f2026&RecNumAndPort=195080*3,221.0,12.8,4.3,0.0,81.0,206.1,,0.9,1.7,22.7,False,False,True,True,True
05/07/2026,2026-05-07T18:01:57,Neilson,Cook/Douglass,Dinner,RED BEANS AND RICE,4 OZ,https://menuportal23.dining.rutgers.edu/FoodPronet/pickmenu.aspx?locationNum=05&locationName=Neilson+Dinning+Hall&dtdate=05/07/2026&activeMeal=Dinner&sName=Rutgers+University+Dining,https://menuportal23.dining.rutgers.edu/FoodPronet/label.aspx?locationNum=05&locationName=Neilson+Dinning+Hall&dtdate=05%2f07%2f2026&RecNumAndPort=143105*4,115.0,1.1,0.2,0.0,0.0,452.7,,4.9,4.2,4.7,True,True,False,True,True
05/07/2026,2026-05-07T18:01:57,Neilson,Cook/Douglass,Dinner,TACO SHELLS,2 EACH,https://menuportal23.dining.rutgers.edu/FoodPronet/pickmenu.aspx?locationNum=05&locationName=Neilson+Dinning+Hall&dtdate=05/07/2026&activeMeal=Dinner&sName=Rutgers+University+Dining,https://menuportal23.dining.rutgers.edu/FoodPronet/label.aspx?locationNum=05&locationName=Neilson+Dinning+Hall&dtdate=05%2f07%2f2026&RecNumAndPort=150000*2,106.0,4.7,0.7,0.0,0.0,0.0,,1.3,0.0,1.3,True,True,False,True,True
05/07/2026,2026-05-07T18:01:57,Neilson,Cook/Douglass,Dinner,AVOCADO MASH,2 OZ,https://menuportal23.dining.rutgers.edu/FoodPronet/pickmenu.aspx?locationNum=05&locationName=Neilson+Dinning+Hall&dtdate=05/07/2026&activeMeal=Dinner&sName=Rutgers+University+Dining,https://menuportal23.dining.rutgers.edu/FoodPronet/label.aspx?locationNum=05&locationName=Neilson+Dinning+Hall&dtdate=05%2f07%2f2026&RecNumAndPort=130039*2,125.0,11.3,1.7,0.0,0.0,0.0,,3.4,0.0,1.1,True,True,False,True,True
05/07/2026,2026-05-07T18:01:57,Neilson,Cook/Douglass,Dinner,DICED TOMATOES,2 oz,https://menuportal23.dining.rutgers.edu/FoodPronet/pickmenu.aspx?locationNum=05&locationName=Neilson+Dinning+Hall&dtdate=05/07/2026&activeMeal=Dinner&sName=Rutgers+University+Dining,https://menuportal23.dining.rutgers.edu/FoodPronet/label.aspx?locationNum=05&locationName=Neilson+Dinning+Hall&dtdate=05%2f07%2f2026&RecNumAndPort=130049*2,13.0,0.1,0.0,,0.0,9.1,,0.3,1.6,0.8,True,True,False,True,True
05/07/2026,2026-05-07T18:01:57,Neilson,Cook/Douglass,Dinner,DICED ONIONS,1 OZ,https://menuportal23.dining.rutgers.edu/FoodPronet/pickmenu.aspx?locationNum=05&locationName=Neilson+Dinning+Hall&dtdate=05/07/2026&activeMeal=Dinner&sName=Rutgers+University+Dining,https://menuportal23.dining.rutgers.edu/FoodPronet/label.aspx?locationNum=05&locationName=Neilson+Dinning+Hall&dtdate=05%2f07%2f2026&RecNumAndPort=130068*1,11.0,0.0,0.0,0.0,0.0,1.1,,0.5,1.2,0.3,True,True,False,True,True
05/07/2026,2026-05-07T18:01:57,Neilson,Cook/Douglass,Dinner,GREEN OLIVES,2 OZ,https://menuportal23.dining.rutgers.edu/FoodPronet/pickmenu.aspx?locationNum=05&locationName=Neilson+Dinning+Hall&dtdate=05/07/2026&activeMeal=Dinner&sName=Rutgers+University+Dining,https://menuportal23.dining.rutgers.edu/FoodPronet/label.aspx?locationNum=05&locationName=Neilson+Dinning+Hall&dtdate=05%2f07%2f2026&RecNumAndPort=150190*2,80.0,8.0,0.0,,0.0,880.0,,0.0,0.0,0.0,True,True,False,True,False
05/07/2026,2026-05-07T18:01:57,Neilson,Cook/Douglass,Dinner,HUMMUS,2 OZ,https://menuportal23.dining.rutgers.edu/FoodPronet/pickmenu.aspx?locationNum=05&locationName=Neilson+Dinning+Hall&dtdate=05/07/2026&activeMeal=Dinner&sName=Rutgers+University+Dining,https://menuportal23.dining.rutgers.edu/FoodPronet/label.aspx?locationNum=05&locationName=Neilson+Dinning+Hall&dtdate=05%2f07%2f2026&RecNumAndPort=165053*2,106.0,5.3,0.0,0.0,0.0,239.2,,1.8,0.0,3.5,True,True,False,True,True
05/07/2026,2026-05-07T18:01:57,Neilson,Cook/Douglass,Dinner,LIME WEDGES,1 WEDGE,https://menuportal23.dining.rutgers.edu/FoodPronet/pickmenu.aspx?locationNum=05&locationName=Neilson+Dinning+Hall&dtdate=05/07/2026&activeMeal=Dinner&sName=Rutgers+University+Dining,https://menuportal23.dining.rutgers.edu/FoodPronet/label.aspx?locationNum=05&locationName=Neilson+Dinning+Hall&dtdate=05%2f07%2f2026&RecNumAndPort=120015*1,3.0,0.0,0.0,0.0,0.0,0.2,,0.2,0.1,0.1,True,True,False,True,True
05/07/2026,2026-05-07T18:01:57,Neilson,Cook/Douglass,Dinner,PESTO MAYO,1/2 OZ,https://menuportal23.dining.rutgers.edu/FoodPronet/pickmenu.aspx?locationNum=05&locationName=Neilson+Dinning+Hall&dtdate=05/07/2026&activeMeal=Dinner&sName=Rutgers+University+Dining,https://menuportal23.dining.rutgers.edu/FoodPronet/label.aspx?locationNum=05&locationName=Neilson+Dinning+Hall&dtdate=05%2f07%2f2026&RecNumAndPort=163053*1%2f2,95.0,10.5,1.6,0.0,5.2,94.1,,0.0,0.0,0.0,True,True,False,True,True
05/07/2026,2026-05-07T18:01:57,Neilson,Cook/Douglass,Dinner,RED KIDNEY BEANS,2 OZ,https://menuportal23.dining.rutgers.edu/FoodPronet/pickmenu.aspx?locationNum=05&locationName=Neilson+Dinning+Hall&dtdate=05/07/2026&activeMeal=Dinner&sName=Rutgers+University+Dining,https://menuportal23.dining.rutgers.edu/FoodPronet/label.aspx?locationNum=05&locationName=Neilson+Dinning+Hall&dtdate=05%2f07%2f2026&RecNumAndPort=130267*2,71.0,0.3,0.0,0.0,0.0,0.6,,3.6,0.2,4.9,True,True,False,True,True
05/07/2026,2026-05-07T18:01:57,Neilson,Cook/Douglass,Dinner,RED ONION,2 OZ,https://menuportal23.dining.rutgers.edu/FoodPronet/pickmenu.aspx?locationNum=05&locationName=Neilson+Dinning+Hall&dtdate=05/07/2026&activeMeal=Dinner&sName=Rutgers+University+Dining,https://menuportal23.dining.rutgers.edu/FoodPronet/label.aspx?locationNum=05&locationName=Neilson+Dinning+Hall&dtdate=05%2f07%2f2026&RecNumAndPort=130154*2,22.0,0.1,0.0,,0.0,1.7,,1.0,3.5,0.7,True,True,False,True,True
05/07/2026,2026-05-07T18:01:57,Neilson,Cook/Douglass,Dinner,RIPE SLICED OLIVES,2 OZ,https://menuportal23.dining.rutgers.edu/FoodPronet/pickmenu.aspx?locationNum=05&locationName=Neilson+Dinning+Hall&dtdate=05/07/2026&activeMeal=Dinner&sName=Rutgers+University+Dining,https://menuportal23.dining.rutgers.edu/FoodPronet/label.aspx?locationNum=05&locationName=Neilson+Dinning+Hall&dtdate=05%2f07%2f2026&RecNumAndPort=150188*2,65.0,6.1,0.8,0.0,0.0,416.7,,1.8,0.0,0.5,True,True,False,True,True
05/07/2026,2026-05-07T18:01:57,Neilson,Cook/Douglass,Dinner,SALSA,2 OZ,https://menuportal23.dining.rutgers.edu/FoodPronet/pickmenu.aspx?locationNum=05&locationName=Neilson+Dinning+Hall&dtdate=05/07/2026&activeMeal=Dinner&sName=Rutgers+University+Dining,https://menuportal23.dining.rutgers.edu/FoodPronet/label.aspx?locationNum=05&locationName=Neilson+Dinning+Hall&dtdate=05%2f07%2f2026&RecNumAndPort=150013*2,21.0,0.0,,,,330.7,,,2.1,0.0,True,True,False,True,True
05/07/2026,2026-05-07T18:01:57,Neilson,Cook/Douglass,Dinner,SHREDDED CHEDDAR CHEESE,1 OZ,https://menuportal23.dining.rutgers.edu/FoodPronet/pickmenu.aspx?locationNum=05&locationName=Neilson+Dinning+Hall&dtdate=05/07/2026&activeMeal=Dinner&sName=Rutgers+University+Dining,https://menuportal23.dining.rutgers.edu/FoodPronet/label.aspx?locationNum=05&locationName=Neilson+Dinning+Hall&dtdate=05%2f07%2f2026&RecNumAndPort=150022*1,114.0,9.4,6.0,,29.8,176.1,,0.0,0.1,7.1,True,False,False,True,True
05/07/2026,2026-05-07T18:01:57,Neilson,Cook/Douglass,Dinner,SHREDDED LETTUCE,2 OZ,https://menuportal23.dining.rutgers.edu/FoodPronet/pickmenu.aspx?locationNum=05&locationName=Neilson+Dinning+Hall&dtdate=05/07/2026&activeMeal=Dinner&sName=Rutgers+University+Dining,https://menuportal23.dining.rutgers.edu/FoodPronet/label.aspx?locationNum=05&locationName=Neilson+Dinning+Hall&dtdate=05%2f07%2f2026&RecNumAndPort=130218*2,8.0,0.1,0.0,0.0,0.0,5.7,,0.6,1.0,0.5,True,True,False,True,True
05/07/2026,2026-05-07T18:01:57,Neilson,Cook/Douglass,Dinner,SHREDDED MONTEREY JACK CHEESE,2 OZ,https://menuportal23.dining.rutgers.edu/FoodPronet/pickmenu.aspx?locationNum=05&locationName=Neilson+Dinning+Hall&dtdate=05/07/2026&activeMeal=Dinner&sName=Rutgers+University+Dining,https://menuportal23.dining.rutgers.edu/FoodPronet/label.aspx?locationNum=05&locationName=Neilson+Dinning+Hall&dtdate=05%2f07%2f2026&RecNumAndPort=150021*2,203.0,16.2,10.1,0.0,50.6,324.0,,0.0,0.0,14.2,True,False,False,True,True
05/07/2026,2026-05-07T18:01:57,Neilson,Cook/Douglass,Dinner,SLICED JALAPENOS PEPPERS,2 OZ,https://menuportal23.dining.rutgers.edu/FoodPronet/pickmenu.aspx?locationNum=05&locationName=Neilson+Dinning+Hall&dtdate=05/07/2026&activeMeal=Dinner&sName=Rutgers+University+Dining,https://menuportal23.dining.rutgers.edu/FoodPronet/label.aspx?locationNum=05&locationName=Neilson+Dinning+Hall&dtdate=05%2f07%2f2026&RecNumAndPort=150024*2,22.0,0.3,0.0,,0.0,795.9,,0.9,,0.5,True,True,False,True,False
05/07/2026,2026-05-07T18:01:57,Neilson,Cook/Douglass,Dinner,SLICED SCALLIONS,1 OZ,https://menuportal23.dining.rutgers.edu/FoodPronet/pickmenu.aspx?locationNum=05&locationName=Neilson+Dinning+Hall&dtdate=05/07/2026&activeMeal=Dinner&sName=Rutgers+University+Dining,https://menuportal23.dining.rutgers.edu/FoodPronet/label.aspx?locationNum=05&locationName=Neilson+Dinning+Hall&dtdate=05%2f07%2f2026&RecNumAndPort=130050*1,9.0,0.1,0.0,0.0,0.0,4.5,,0.7,0.7,0.5,True,True,False,True,True
05/07/2026,2026-05-07T18:01:57,Neilson,Cook/Douglass,Dinner,SOUR CREAM,2 OZ,https://menuportal23.dining.rutgers.edu/FoodPronet/pickmenu.aspx?locationNum=05&locationName=Neilson+Dinning+Hall&dtdate=05/07/2026&activeMeal=Dinner&sName=Rutgers+University+Dining,https://menuportal23.dining.rutgers.edu/FoodPronet/label.aspx?locationNum=05&locationName=Neilson+Dinning+Hall&dtdate=05%2f07%2f2026&RecNumAndPort=150173*2,109.0,11.2,6.5,0.4,29.5,45.4,,0.0,1.6,1.2,True,False,False,True,True
05/07/2026,2026-05-07T18:01:57,Neilson,Cook/Douglass,Dinner,SRIRACHA MAYO,1/2 OZ,https://menuportal23.dining.rutgers.edu/FoodPronet/pickmenu.aspx?locationNum=05&locationName=Neilson+Dinning+Hall&dtdate=05/07/2026&activeMeal=Dinner&sName=Rutgers+University+Dining,https://menuportal23.dining.rutgers.edu/FoodPronet/label.aspx?locationNum=05&locationName=Neilson+Dinning+Hall&dtdate=05%2f07%2f2026&RecNumAndPort=163051*1%2f2,80.0,8.9,1.3,0.0,4.5,134.2,,0.0,0.0,0.0,True,True,False,True,True
05/07/2026,2026-05-07T18:01:57,Neilson,Cook/Douglass,Dinner,SWEET CORN KERNELS,4 OZ,https://menuportal23.dining.rutgers.edu/FoodPronet/pickmenu.aspx?locationNum=05&locationName=Neilson+Dinning+Hall&dtdate=05/07/2026&activeMeal=Dinner&sName=Rutgers+University+Dining,https://menuportal23.dining.rutgers.edu/FoodPronet/label.aspx?locationNum=05&locationName=Neilson+Dinning+Hall&dtdate=05%2f07%2f2026&RecNumAndPort=130060*4,118.0,3.3,0.3,0.0,0.0,12.6,,1.3,6.3,3.8,True,True,False,True,True
05/07/2026,2026-05-07T18:01:57,Neilson,Cook/Douglass,Dinner,8 GRAIN BREAD,1 SLICE,https://menuportal23.dining.rutgers.edu/FoodPronet/pickmenu.aspx?locationNum=05&locationName=Neilson+Dinning+Hall&dtdate=05/07/2026&activeMeal=Dinner&sName=Rutgers+University+Dining,https://menuportal23.dining.rutgers.edu/FoodPronet/label.aspx?locationNum=05&locationName=Neilson+Dinning+Hall&dtdate=05%2f07%2f2026&RecNumAndPort=211035*1,120.0,3.5,0.5,0.0,0.0,160.0,,2.0,1.0,4.0,True,True,False,True,True
05/07/2026,2026-05-07T18:01:57,Neilson,Cook/Douglass,Dinner,SAUCE PESTO,1 OZ,https://menuportal23.dining.rutgers.edu/FoodPronet/pickmenu.aspx?locationNum=05&locationName=Neilson+Dinning+Hall&dtdate=05/07/2026&activeMeal=Dinner&sName=Rutgers+University+Dining,https://menuportal23.dining.rutgers.edu/FoodPronet/label.aspx?locationNum=05&locationName=Neilson+Dinning+Hall&dtdate=05%2f07%2f2026&RecNumAndPort=130171*1,129.0,12.9,2.5,,4.5,104.4,,0.0,0.0,1.5,True,True,False,True,True
05/07/2026,2026-05-07T18:01:57,Neilson,Cook/Douglass,Dinner,SLICED BACON,2 SLICE,https://menuportal23.dining.rutgers.edu/FoodPronet/pickmenu.aspx?locationNum=05&locationName=Neilson+Dinning+Hall&dtdate=05/07/2026&activeMeal=Dinner&sName=Rutgers+University+Dining,https://menuportal23.dining.rutgers.edu/FoodPronet/label.aspx?locationNum=05&locationName=Neilson+Dinning+Hall&dtdate=05%2f07%2f2026&RecNumAndPort=195037*2,159.0,13.6,4.5,0.0,79.4,1043.3,,0.0,0.0,9.1,False,False,False,True,False
05/07/2026,2026-05-07T18:01:57,Neilson,Cook/Douglass,Dinner,SLICED CHEDDAR CHEESE,1 OZ,https://menuportal23.dining.rutgers.edu/FoodPronet/pickmenu.aspx?locationNum=05&locationName=Neilson+Dinning+Hall&dtdate=05/07/2026&activeMeal=Dinner&sName=Rutgers+University+Dining,https://menuportal23.dining.rutgers.edu/FoodPronet/label.aspx?locationNum=05&locationName=Neilson+Dinning+Hall&dtdate=05%2f07%2f2026&RecNumAndPort=150146*1,114.0,9.4,6.0,,29.8,176.1,,0.0,0.1,7.1,True,False,False,True,True
05/07/2026,2026-05-07T18:01:57,Neilson,Cook/Douglass,Dinner,SLICED PROVOLONE CHEESE,1 OZ,https://menuportal23.dining.rutgers.edu/FoodPronet/pickmenu.aspx?locationNum=05&locationName=Neilson+Dinning+Hall&dtdate=05/07/2026&activeMeal=Dinner&sName=Rutgers+University+Dining,https://menuportal23.dining.rutgers.edu/FoodPronet/label.aspx?locationNum=05&locationName=Neilson+Dinning+Hall&dtdate=05%2f07%2f2026&RecNumAndPort=150057*1,100.0,7.5,4.8,,19.6,248.3,,0.0,0.2,7.3,True,False,False,True,True
05/07/2026,2026-05-07T18:01:57,Neilson,Cook/Douglass,Dinner,SLICED RYE BREAD,1 SLICE,https://menuportal23.dining.rutgers.edu/FoodPronet/pickmenu.aspx?locationNum=05&locationName=Neilson+Dinning+Hall&dtdate=05/07/2026&activeMeal=Dinner&sName=Rutgers+University+Dining,https://menuportal23.dining.rutgers.edu/FoodPronet/label.aspx?locationNum=05&locationName=Neilson+Dinning+Hall&dtdate=05%2f07%2f2026&RecNumAndPort=150167*1,103.0,1.3,0.3,,0.0,264.0,,2.3,1.5,3.4,True,True,False,True,True
05/07/2026,2026-05-07T18:01:57,Neilson,Cook/Douglass,Dinner,SLICED WHITE BREAD,4 SLICE,https://menuportal23.dining.rutgers.edu/FoodPronet/pickmenu.aspx?locationNum=05&locationName=Neilson+Dinning+Hall&dtdate=05/07/2026&activeMeal=Dinner&sName=Rutgers+University+Dining,https://menuportal23.dining.rutgers.edu/FoodPronet/label.aspx?locationNum=05&locationName=Neilson+Dinning+Hall&dtdate=05%2f07%2f2026&RecNumAndPort=150150*4,285.0,5.2,1.3,,0.5,442.6,,2.0,6.0,7.8,True,True,False,True,True
05/07/2026,2026-05-07T18:01:57,Neilson,Cook/Douglass,Dinner,SLICED YELLOW AMERICAN CHEESE,2/3 OZ,https://menuportal23.dining.rutgers.edu/FoodPronet/pickmenu.aspx?locationNum=05&locationName=Neilson+Dinning+Hall&dtdate=05/07/2026&activeMeal=Dinner&sName=Rutgers+University+Dining,https://menuportal23.dining.rutgers.edu/FoodPronet/label.aspx?locationNum=05&locationName=Neilson+Dinning+Hall&dtdate=05%2f07%2f2026&RecNumAndPort=150056*2%2f3,82.0,7.2,6.2,,15.5,288.7,,0.0,0.0,5.2,True,False,False,True,True
05/07/2026,2026-05-07T18:01:57,Neilson,Cook/Douglass,Dinner,TURKEY PEPPERONI SLICES,1 OZ,https://menuportal23.dining.rutgers.edu/FoodPronet/pickmenu.aspx?locationNum=05&locationName=Neilson+Dinning+Hall&dtdate=05/07/2026&activeMeal=Dinner&sName=Rutgers+University+Dining,https://menuportal23.dining.rutgers.edu/FoodPronet/label.aspx?locationNum=05&locationName=Neilson+Dinning+Hall&dtdate=05%2f07%2f2026&RecNumAndPort=019810*1,61.0,3.0,1.0,0.0,25.3,324.0,,0.0,1.0,6.1,False,False,False,True,True
05/07/2026,2026-05-07T18:01:57,Neilson,Cook/Douglass,Dinner,ASIAN PORK RIBS,1 EACH,https://menuportal23.dining.rutgers.edu/FoodPronet/pickmenu.aspx?locationNum=05&locationName=Neilson+Dinning+Hall&dtdate=05/07/2026&activeMeal=Dinner&sName=Rutgers+University+Dining,https://menuportal23.dining.rutgers.edu/FoodPronet/label.aspx?locationNum=05&locationName=Neilson+Dinning+Hall&dtdate=05%2f07%2f2026&RecNumAndPort=500266*1,554.0,37.9,13.5,0.0,78.3,747.5,,0.8,22.8,25.8,False,False,True,False,False
05/07/2026,2026-05-07T18:01:57,Neilson,Cook/Douglass,Dinner,GREEN PEAS,4 OZ,https://menuportal23.dining.rutgers.edu/FoodPronet/pickmenu.aspx?locationNum=05&locationName=Neilson+Dinning+Hall&dtdate=05/07/2026&activeMeal=Dinner&sName=Rutgers+University+Dining,https://menuportal23.dining.rutgers.edu/FoodPronet/label.aspx?locationNum=05&locationName=Neilson+Dinning+Hall&dtdate=05%2f07%2f2026&RecNumAndPort=130042*4,90.0,0.6,0.0,,0.0,133.9,,5.1,7.7,6.4,True,True,False,True,True
05/07/2026,2026-05-07T18:01:57,Neilson,Cook/Douglass,Dinner,STEAMED WHITE RICE,3 OZ,https://menuportal23.dining.rutgers.edu/FoodPronet/pickmenu.aspx?locationNum=05&locationName=Neilson+Dinning+Hall&dtdate=05/07/2026&activeMeal=Dinner&sName=Rutgers+University+Dining,https://menuportal23.dining.rutgers.edu/FoodPronet/label.aspx?locationNum=05&locationName=Neilson+Dinning+Hall&dtdate=05%2f07%2f2026&RecNumAndPort=163017*3,147.0,0.2,0.1,0.0,0.0,86.8,,0.6,0.2,2.7,True,True,False,True,True
05/07/2026,2026-05-07T18:01:57,Neilson,Cook/Douglass,Dinner,THAI RED CURRY CHICKEN,6 OZ,https://menuportal23.dining.rutgers.edu/FoodPronet/pickmenu.aspx?locationNum=05&locationName=Neilson+Dinning+Hall&dtdate=05/07/2026&activeMeal=Dinner&sName=Rutgers+University+Dining,https://menuportal23.dining.rutgers.edu/FoodPronet/label.aspx?locationNum=05&locationName=Neilson+Dinning+Hall&dtdate=05%2f07%2f2026&RecNumAndPort=111145*6,214.0,6.1,2.7,0.0,61.1,409.9,,1.5,3.9,22.2,False,False,True,True,True
05/07/2026,2026-05-07T18:01:57,Neilson,Cook/Douglass,Dinner,VEGETABLE FRIED RICE,4 OZ,https://menuportal23.dining.rutgers.edu/FoodPronet/pickmenu.aspx?locationNum=05&locationName=Neilson+Dinning+Hall&dtdate=05/07/2026&activeMeal=Dinner&sName=Rutgers+University+Dining,https://menuportal23.dining.rutgers.edu/FoodPronet/label.aspx?locationNum=05&locationName=Neilson+Dinning+Hall&dtdate=05%2f07%2f2026&RecNumAndPort=163025*4,88.0,1.9,0.3,0.0,0.0,460.0,,1.8,1.7,3.4,True,True,False,True,True
05/07/2026,2026-05-07T18:01:57,Neilson,Cook/Douglass,Dinner,VEGETABLE LO MEIN,6 OZ,https://menuportal23.dining.rutgers.edu/FoodPronet/pickmenu.aspx?locationNum=05&locationName=Neilson+Dinning+Hall&dtdate=05/07/2026&activeMeal=Dinner&sName=Rutgers+University+Dining,https://menuportal23.dining.rutgers.edu/FoodPronet/label.aspx?locationNum=05&locationName=Neilson+Dinning+Hall&dtdate=05%2f07%2f2026&RecNumAndPort=143154*6,354.0,19.0,3.8,0.0,0.0,358.9,,3.6,3.2,8.3,True,True,False,True,True
05/07/2026,2026-05-07T18:01:57,Neilson,Cook/Douglass,Dinner,CHEESE PIZZA,1 SLICE,https://menuportal23.dining.rutgers.edu/FoodPronet/pickmenu.aspx?locationNum=05&locationName=Neilson+Dinning+Hall&dtdate=05/07/2026&activeMeal=Dinner&sName=Rutgers+University+Dining,https://menuportal23.dining.rutgers.edu/FoodPronet/label.aspx?locationNum=05&locationName=Neilson+Dinning+Hall&dtdate=05%2f07%2f2026&RecNumAndPort=130298*1,176.0,5.9,2.8,0.0,13.5,283.1,,1.9,2.7,8.6,True,False,False,True,True
05/07/2026,2026-05-07T18:01:57,Neilson,Cook/Douglass,Dinner,CHICKEN PARMESAN PIZZA,1 SLICE,https://menuportal23.dining.rutgers.edu/FoodPronet/pickmenu.aspx?locationNum=05&locationName=Neilson+Dinning+Hall&dtdate=05/07/2026&activeMeal=Dinner&sName=Rutgers+University+Dining,https://menuportal23.dining.rutgers.edu/FoodPronet/label.aspx?locationNum=05&locationName=Neilson+Dinning+Hall&dtdate=05%2f07%2f2026&RecNumAndPort=130179*1,278.0,10.4,3.4,0.0,35.4,512.6,,2.2,2.7,17.4,False,False,False,True,True
05/07/2026,2026-05-07T18:01:57,Neilson,Cook/Douglass,Dinner,HAND TOSSED PEPPER & ONION PIZZA,1 SLICE,https://menuportal23.dining.rutgers.edu/FoodPronet/pickmenu.aspx?locationNum=05&locationName=Neilson+Dinning+Hall&dtdate=05/07/2026&activeMeal=Dinner&sName=Rutgers+University+Dining,https://menuportal23.dining.rutgers.edu/FoodPronet/label.aspx?locationNum=05&locationName=Neilson+Dinning+Hall&dtdate=05%2f07%2f2026&RecNumAndPort=130300*1,178.0,5.9,2.8,0.0,13.5,283.4,,2.0,3.0,8.7,True,True,False,True,True
05/07/2026,2026-05-07T18:01:57,Neilson,Cook/Douglass,Dinner,MANICOTTI,2 EACH,https://menuportal23.dining.rutgers.edu/FoodPronet/pickmenu.aspx?locationNum=05&locationName=Neilson+Dinning+Hall&dtdate=05/07/2026&activeMeal=Dinner&sName=Rutgers+University+Dining,https://menuportal23.dining.rutgers.edu/FoodPronet/label.aspx?locationNum=05&locationName=Neilson+Dinning+Hall&dtdate=05%2f07%2f2026&RecNumAndPort=140006*2,325.0,15.3,7.8,0.0,43.8,474.7,,2.0,3.5,15.5,True,True,False,True,True
05/07/2026,2026-05-07T18:01:57,Neilson,Cook/Douglass,Dinner,MARINARA SAUCE,4 OZ,https://menuportal23.dining.rutgers.edu/FoodPronet/pickmenu.aspx?locationNum=05&locationName=Neilson+Dinning+Hall&dtdate=05/07/2026&activeMeal=Dinner&sName=Rutgers+University+Dining,https://menuportal23.dining.rutgers.edu/FoodPronet/label.aspx?locationNum=05&locationName=Neilson+Dinning+Hall&dtdate=05%2f07%2f2026&RecNumAndPort=157169*4,39.0,0.3,0.0,0.0,0.0,220.3,,1.1,5.6,1.0,True,True,False,True,True
05/07/2026,2026-05-07T18:01:57,Neilson,Cook/Douglass,Dinner,PASTA DU JOUR,4 OZ,https://menuportal23.dining.rutgers.edu/FoodPronet/pickmenu.aspx?locationNum=05&locationName=Neilson+Dinning+Hall&dtdate=05/07/2026&activeMeal=Dinner&sName=Rutgers+University+Dining,https://menuportal23.dining.rutgers.edu/FoodPronet/label.aspx?locationNum=05&locationName=Neilson+Dinning+Hall&dtdate=05%2f07%2f2026&RecNumAndPort=140149*4,334.0,2.7,0.1,0.0,0.0,44.5,,4.9,1.6,11.3,True,True,False,True,True
05/07/2026,2026-05-07T18:01:57,Neilson,Cook/Douglass,Dinner,TURKEY PEPPERONI PIZZA,1 SLICE,https://menuportal23.dining.rutgers.edu/FoodPronet/pickmenu.aspx?locationNum=05&locationName=Neilson+Dinning+Hall&dtdate=05/07/2026&activeMeal=Dinner&sName=Rutgers+University+Dining,https://menuportal23.dining.rutgers.edu/FoodPronet/label.aspx?locationNum=05&locationName=Neilson+Dinning+Hall&dtdate=05%2f07%2f2026&RecNumAndPort=111243*1,186.0,6.4,2.9,0.0,17.7,337.1,,1.9,2.9,9.7,False,False,False,True,True
05/07/2026,2026-05-07T18:01:57,Neilson,Cook/Douglass,Dinner,VODKA SAUCE,4 OZ,https://menuportal23.dining.rutgers.edu/FoodPronet/pickmenu.aspx?locationNum=05&locationName=Neilson+Dinning+Hall&dtdate=05/07/2026&activeMeal=Dinner&sName=Rutgers+University+Dining,https://menuportal23.dining.rutgers.edu/FoodPronet/label.aspx?locationNum=05&locationName=Neilson+Dinning+Hall&dtdate=05%2f07%2f2026&RecNumAndPort=157092*4,158.0,11.3,6.9,0.3,33.1,161.8,,0.7,4.0,2.2,True,True,False,True,True
05/07/2026,2026-05-07T18:01:57,Neilson,Cook/Douglass,Dinner,BAKED BROWN RICE,4 OZ,https://menuportal23.dining.rutgers.edu/FoodPronet/pickmenu.aspx?locationNum=05&locationName=Neilson+Dinning+Hall&dtdate=05/07/2026&activeMeal=Dinner&sName=Rutgers+University+Dining,https://menuportal23.dining.rutgers.edu/FoodPronet/label.aspx?locationNum=05&locationName=Neilson+Dinning+Hall&dtdate=05%2f07%2f2026&RecNumAndPort=163001*4,201.0,1.6,0.3,0.0,0.0,119.0,,1.9,0.5,4.3,True,True,False,True,True
05/07/2026,2026-05-07T18:01:57,Neilson,Cook/Douglass,Dinner,BAKED HALF POTATO W TRUFFLE OIL,1 EACH,https://menuportal23.dining.rutgers.edu/FoodPronet/pickmenu.aspx?locationNum=05&locationName=Neilson+Dinning+Hall&dtdate=05/07/2026&activeMeal=Dinner&sName=Rutgers+University+Dining,https://menuportal23.dining.rutgers.edu/FoodPronet/label.aspx?locationNum=05&locationName=Neilson+Dinning+Hall&dtdate=05%2f07%2f2026&RecNumAndPort=130458*1,194.0,7.8,1.1,0.0,0.0,563.9,,2.7,1.8,2.8,True,True,False,True,True
05/07/2026,2026-05-07T18:01:57,Neilson,Cook/Douglass,Dinner,BARLEY,3 OZ,https://menuportal23.dining.rutgers.edu/FoodPronet/pickmenu.aspx?locationNum=05&locationName=Neilson+Dinning+Hall&dtdate=05/07/2026&activeMeal=Dinner&sName=Rutgers+University+Dining,https://menuportal23.dining.rutgers.edu/FoodPronet/label.aspx?locationNum=05&locationName=Neilson+Dinning+Hall&dtdate=05%2f07%2f2026&RecNumAndPort=165251*3,177.0,0.6,0.1,0.0,0.0,25.4,,7.9,0.4,5.0,True,True,False,True,True
05/07/2026,2026-05-07T18:01:57,Neilson,Cook/Douglass,Dinner,ROASTED BROCCOLI WITH YELLOW SQUASH,4 OZ,https://menuportal23.dining.rutgers.edu/FoodPronet/pickmenu.aspx?locationNum=05&locationName=Neilson+Dinning+Hall&dtdate=05/07/2026&activeMeal=Dinner&sName=Rutgers+University+Dining,https://menuportal23.dining.rutgers.edu/FoodPronet/label.aspx?locationNum=05&locationName=Neilson+Dinning+Hall&dtdate=05%2f07%2f2026&RecNumAndPort=130399*4,82.0,5.3,0.7,0.0,0.0,604.3,,2.5,1.3,3.1,True,True,False,True,False
05/07/2026,2026-05-07T18:01:57,Neilson,Cook/Douglass,Dinner,VEGAN JAMAICAN SEITAN STEW,4 OZ,https://menuportal23.dining.rutgers.edu/FoodPronet/pickmenu.aspx?locationNum=05&locationName=Neilson+Dinning+Hall&dtdate=05/07/2026&activeMeal=Dinner&sName=Rutgers+University+Dining,https://menuportal23.dining.rutgers.edu/FoodPronet/label.aspx?locationNum=05&locationName=Neilson+Dinning+Hall&dtdate=05%2f07%2f2026&RecNumAndPort=143129*4,99.0,0.5,0.1,0.0,0.0,1658.1,,2.0,4.7,7.6,True,True,False,True,False
05/07/2026,2026-05-07T18:01:57,Neilson,Cook/Douglass,Dinner,GRILLED CHICKEN MONTREAL,1 EACH,https://menuportal23.dining.rutgers.edu/FoodPronet/pickmenu.aspx?locationNum=05&locationName=Neilson+Dinning+Hall&dtdate=05/07/2026&activeMeal=Dinner&sName=Rutgers+University+Dining,https://menuportal23.dining.rutgers.edu/FoodPronet/label.aspx?locationNum=05&locationName=Neilson+Dinning+Hall&dtdate=05%2f07%2f2026&RecNumAndPort=111319*1,156.0,6.1,1.1,0.0,80.5,124.6,,0.0,0.0,25.3,False,False,True,True,True
05/07/2026,2026-05-07T18:01:57,Neilson,Cook/Douglass,Dinner,ROTISSERIE STYLE CHICKEN,2 PIECE,https://menuportal23.dining.rutgers.edu/FoodPronet/pickmenu.aspx?locationNum=05&locationName=Neilson+Dinning+Hall&dtdate=05/07/2026&activeMeal=Dinner&sName=Rutgers+University+Dining,https://menuportal23.dining.rutgers.edu/FoodPronet/label.aspx?locationNum=05&locationName=Neilson+Dinning+Hall&dtdate=05%2f07%2f2026&RecNumAndPort=111010*2,421.0,18.2,5.7,0.0,248.4,320.9,,0.1,0.0,63.4,False,False,True,False,True
05/07/2026,2026-05-07T18:01:57,The Atrium,Busch,Breakfast,COUNTRY STYLE GRITS,6 OZ,https://menuportal23.dining.rutgers.edu/FoodPronet/pickmenu.aspx?locationNum=13&locationName=The+Atrium&dtdate=05/07/2026&activeMeal=Breakfast&sName=Rutgers+University+Dining,https://menuportal23.dining.rutgers.edu/FoodPronet/label.aspx?locationNum=13&locationName=The+Atrium&dtdate=05%2f07%2f2026&RecNumAndPort=143112*6,140.0,0.2,0.0,0.0,0.0,207.1,,0.9,0.1,1.6,True,True,False,True,True
05/07/2026,2026-05-07T18:01:57,The Atrium,Busch,Breakfast,CRAISINS,1 OZ,https://menuportal23.dining.rutgers.edu/FoodPronet/pickmenu.aspx?locationNum=13&locationName=The+Atrium&dtdate=05/07/2026&activeMeal=Breakfast&sName=Rutgers+University+Dining,https://menuportal23.dining.rutgers.edu/FoodPronet/label.aspx?locationNum=13&locationName=The+Atrium&dtdate=05%2f07%2f2026&RecNumAndPort=150277*1,92.0,0.0,0.0,,0.0,0.0,,1.4,22.0,0.0,True,True,False,True,True
05/07/2026,2026-05-07T18:01:57,The Atrium,Busch,Breakfast,GRANOLA OATS & HONEY,2 OZ,https://menuportal23.dining.rutgers.edu/FoodPronet/pickmenu.aspx?locationNum=13&locationName=The+Atrium&dtdate=05/07/2026&activeMeal=Breakfast&sName=Rutgers+University+Dining,https://menuportal23.dining.rutgers.edu/FoodPronet/label.aspx?locationNum=13&locationName=The+Atrium&dtdate=05%2f07%2f2026&RecNumAndPort=150274*2,252.0,9.5,1.1,0.0,0.0,199.5,,2.1,14.7,4.2,True,True,False,True,True
05/07/2026,2026-05-07T18:01:57,The Atrium,Busch,Breakfast,OATMEAL,6 OZ,https://menuportal23.dining.rutgers.edu/FoodPronet/pickmenu.aspx?locationNum=13&locationName=The+Atrium&dtdate=05/07/2026&activeMeal=Breakfast&sName=Rutgers+University+Dining,https://menuportal23.dining.rutgers.edu/FoodPronet/label.aspx?locationNum=13&locationName=The+Atrium&dtdate=05%2f07%2f2026&RecNumAndPort=143116*6,146.0,2.9,0.5,0.0,0.0,4.9,,3.9,1.0,4.9,True,True,False,True,True
05/07/2026,2026-05-07T18:01:57,The Atrium,Busch,Breakfast,PLAIN GREEK CHOBANI YOGURT,4 OZ,https://menuportal23.dining.rutgers.edu/FoodPronet/pickmenu.aspx?locationNum=13&locationName=The+Atrium&dtdate=05/07/2026&activeMeal=Breakfast&sName=Rutgers+University+Dining,https://menuportal23.dining.rutgers.edu/FoodPronet/label.aspx?locationNum=13&locationName=The+Atrium&dtdate=05%2f07%2f2026&RecNumAndPort=174004*4,60.0,0.0,0.0,0.0,4.5,42.0,,0.0,3.0,11.0,True,False,False,True,True
05/07/2026,2026-05-07T18:01:57,The Atrium,Busch,Breakfast,STRAWBERRY YOGURT,4 OZ,https://menuportal23.dining.rutgers.edu/FoodPronet/pickmenu.aspx?locationNum=13&locationName=The+Atrium&dtdate=05/07/2026&activeMeal=Breakfast&sName=Rutgers+University+Dining,https://menuportal23.dining.rutgers.edu/FoodPronet/label.aspx?locationNum=13&locationName=The+Atrium&dtdate=05%2f07%2f2026&RecNumAndPort=174003*4,100.0,0.7,0.3,0.0,3.3,53.4,,0.0,14.0,3.3,True,False,False,True,True
05/07/2026,2026-05-07T18:01:57,The Atrium,Busch,Breakfast,VANILLA YOGURT,4 OZ,https://menuportal23.dining.rutgers.edu/FoodPronet/pickmenu.aspx?locationNum=13&locationName=The+Atrium&dtdate=05/07/2026&activeMeal=Breakfast&sName=Rutgers+University+Dining,https://menuportal23.dining.rutgers.edu/FoodPronet/label.aspx?locationNum=13&locationName=The+Atrium&dtdate=05%2f07%2f2026&RecNumAndPort=174002*4,110.0,1.2,0.8,0.0,7.5,64.9,,0.0,17.0,4.0,True,False,False,True,True
05/07/2026,2026-05-07T18:01:57,The Atrium,Busch,Breakfast,BANANAS,1 EACH,https://menuportal23.dining.rutgers.edu/FoodPronet/pickmenu.aspx?locationNum=13&locationName=The+Atrium&dtdate=05/07/2026&activeMeal=Breakfast&sName=Rutgers+University+Dining,https://menuportal23.dining.rutgers.edu/FoodPronet/label.aspx?locationNum=13&locationName=The+Atrium&dtdate=05%2f07%2f2026&RecNumAndPort=120128*1,135.0,0.5,0.2,0.0,0.0,1.5,,3.9,18.5,1.6,True,True,False,True,True
05/07/2026,2026-05-07T18:01:57,The Atrium,Busch,Breakfast,GRANNY SMITH APPLES,1 EACH,https://menuportal23.dining.rutgers.edu/FoodPronet/pickmenu.aspx?locationNum=13&locationName=The+Atrium&dtdate=05/07/2026&activeMeal=Breakfast&sName=Rutgers+University+Dining,https://menuportal23.dining.rutgers.edu/FoodPronet/label.aspx?locationNum=13&locationName=The+Atrium&dtdate=05%2f07%2f2026&RecNumAndPort=120024*1,72.0,0.2,0.0,0.0,0.0,1.4,,3.3,14.3,0.4,True,True,False,True,True
05/07/2026,2026-05-07T18:01:57,The Atrium,Busch,Breakfast,RED DELICIOUS APPLES,1 EACH,https://menuportal23.dining.rutgers.edu/FoodPronet/pickmenu.aspx?locationNum=13&locationName=The+Atrium&dtdate=05/07/2026&activeMeal=Breakfast&sName=Rutgers+University+Dining,https://menuportal23.dining.rutgers.edu/FoodPronet/label.aspx?locationNum=13&locationName=The+Atrium&dtdate=05%2f07%2f2026&RecNumAndPort=120022*1,87.0,0.3,0.0,0.0,0.0,1.7,,4.0,17.5,0.4,True,True,False,True,True
05/07/2026,2026-05-07T18:01:57,The Atrium,Busch,Breakfast,WHOLE ORANGES,1 EACH,https://menuportal23.dining.rutgers.edu/FoodPronet/pickmenu.aspx?locationNum=13&locationName=The+Atrium&dtdate=05/07/2026&activeMeal=Breakfast&sName=Rutgers+University+Dining,https://menuportal23.dining.rutgers.edu/FoodPronet/label.aspx?locationNum=13&locationName=The+Atrium&dtdate=05%2f07%2f2026&RecNumAndPort=120017*1,62.0,0.2,0.0,0.0,0.0,0.0,,3.1,12.2,1.2,True,True,False,True,True
05/07/2026,2026-05-07T18:01:57,The Atrium,Busch,Breakfast,"12"" FLOUR TORTILLA",1 EACH,https://menuportal23.dining.rutgers.edu/FoodPronet/pickmenu.aspx?locationNum=13&locationName=The+Atrium&dtdate=05/07/2026&activeMeal=Breakfast&sName=Rutgers+University+Dining,https://menuportal23.dining.rutgers.edu/FoodPronet/label.aspx?locationNum=13&locationName=The+Atrium&dtdate=05%2f07%2f2026&RecNumAndPort=150084*1,310.0,9.0,3.0,0.0,0.0,820.0,,2.0,1.0,7.0,True,True,False,True,False
05/07/2026,2026-05-07T18:01:57,The Atrium,Busch,Breakfast,BELGIAN WAFFLE,1 EACH,https://menuportal23.dining.rutgers.edu/FoodPronet/pickmenu.aspx?locationNum=13&locationName=The+Atrium&dtdate=05/07/2026&activeMeal=Breakfast&sName=Rutgers+University+Dining,https://menuportal23.dining.rutgers.edu/FoodPronet/label.aspx?locationNum=13&locationName=The+Atrium&dtdate=05%2f07%2f2026&RecNumAndPort=147035*1,143.0,1.4,0.0,0.0,0.0,409.0,,1.0,2.9,2.9,True,True,False,True,True
05/07/2026,2026-05-07T18:01:57,The Atrium,Busch,Breakfast,CRISPY CUBE POTATOES,4 OZ,https://menuportal23.dining.rutgers.edu/FoodPronet/pickmenu.aspx?locationNum=13&locationName=The+Atrium&dtdate=05/07/2026&activeMeal=Breakfast&sName=Rutgers+University+Dining,https://menuportal23.dining.rutgers.edu/FoodPronet/label.aspx?locationNum=13&locationName=The+Atrium&dtdate=05%2f07%2f2026&RecNumAndPort=161025*4,302.0,23.2,2.8,0.0,0.0,486.0,,1.4,1.4,1.4,True,True,False,True,True
05/07/2026,2026-05-07T18:01:57,The Atrium,Busch,Breakfast,EGG PATTY,2 EACH,https://menuportal23.dining.rutgers.edu/FoodPronet/pickmenu.aspx?locationNum=13&locationName=The+Atrium&dtdate=05/07/2026&activeMeal=Breakfast&sName=Rutgers+University+Dining,https://menuportal23.dining.rutgers.edu/FoodPronet/label.aspx?locationNum=13&locationName=The+Atrium&dtdate=05%2f07%2f2026&RecNumAndPort=150499*2,139.0,9.9,3.0,0.0,238.1,416.7,,0.0,2.0,7.9,True,False,False,True,True
05/07/2026,2026-05-07T18:01:57,The Atrium,Busch,Breakfast,FRENCH TOAST STICKS,5 EACH,https://menuportal23.dining.rutgers.edu/FoodPronet/pickmenu.aspx?locationNum=13&locationName=The+Atrium&dtdate=05/07/2026&activeMeal=Breakfast&sName=Rutgers+University+Dining,https://menuportal23.dining.rutgers.edu/FoodPronet/label.aspx?locationNum=13&locationName=The+Atrium&dtdate=05%2f07%2f2026&RecNumAndPort=147009*5,507.0,32.3,5.6,,0.0,513.6,,1.7,11.9,7.2,True,True,False,False,True
05/07/2026,2026-05-07T18:01:57,The Atrium,Busch,Breakfast,HAMBURGER VEGAN BUN,1 EACH,https://menuportal23.dining.rutgers.edu/FoodPronet/pickmenu.aspx?locationNum=13&locationName=The+Atrium&dtdate=05/07/2026&activeMeal=Breakfast&sName=Rutgers+University+Dining,https://menuportal23.dining.rutgers.edu/FoodPronet/label.aspx?locationNum=13&locationName=The+Atrium&dtdate=05%2f07%2f2026&RecNumAndPort=019961*1,127.0,1.1,0.0,0.0,0.0,222.4,,0.0,1.1,3.2,False,False,False,True,True
05/07/2026,2026-05-07T18:01:57,The Atrium,Busch,Breakfast,KINGS HAWAIIAN SANDWICH ROLL,1 EACH,https://menuportal23.dining.rutgers.edu/FoodPronet/pickmenu.aspx?locationNum=13&locationName=The+Atrium&dtdate=05/07/2026&activeMeal=Breakfast&sName=Rutgers+University+Dining,https://menuportal23.dining.rutgers.edu/FoodPronet/label.aspx?locationNum=13&locationName=The+Atrium&dtdate=05%2f07%2f2026&RecNumAndPort=019959*1,164.0,4.1,2.5,0.0,24.8,205.2,,1.7,6.6,4.9,True,True,False,True,True
05/07/2026,2026-05-07T18:01:57,The Atrium,Busch,Breakfast,PANCAKES,2 EACH,https://menuportal23.dining.rutgers.edu/FoodPronet/pickmenu.aspx?locationNum=13&locationName=The+Atrium&dtdate=05/07/2026&activeMeal=Breakfast&sName=Rutgers+University+Dining,https://menuportal23.dining.rutgers.edu/FoodPronet/label.aspx?locationNum=13&locationName=The+Atrium&dtdate=05%2f07%2f2026&RecNumAndPort=147000*2,301.0,10.6,2.9,0.1,78.7,552.8,,1.1,9.6,8.1,True,True,False,True,True
05/07/2026,2026-05-07T18:01:57,The Atrium,Busch,Breakfast,AVOCADO MASH,2 OZ,https://menuportal23.dining.rutgers.edu/FoodPronet/pickmenu.aspx?locationNum=13&locationName=The+Atrium&dtdate=05/07/2026&activeMeal=Breakfast&sName=Rutgers+University+Dining,https://menuportal23.dining.rutgers.edu/FoodPronet/label.aspx?locationNum=13&locationName=The+Atrium&dtdate=05%2f07%2f2026&RecNumAndPort=130039*2,125.0,11.3,1.7,0.0,0.0,0.0,,3.4,0.0,1.1,True,True,False,True,True
05/07/2026,2026-05-07T18:01:57,The Atrium,Busch,Breakfast,CHIPOTLE SAUCE,1 OZ,https://menuportal23.dining.rutgers.edu/FoodPronet/pickmenu.aspx?locationNum=13&locationName=The+Atrium&dtdate=05/07/2026&activeMeal=Breakfast&sName=Rutgers+University+Dining,https://menuportal23.dining.rutgers.edu/FoodPronet/label.aspx?locationNum=13&locationName=The+Atrium&dtdate=05%2f07%2f2026&RecNumAndPort=501044*1,56.0,5.1,3.0,0.2,13.6,143.3,,0.1,1.1,0.7,True,True,False,True,True
05/07/2026,2026-05-07T18:01:57,The Atrium,Busch,Breakfast,DICED TOMATOES,2 OZ,https://menuportal23.dining.rutgers.edu/FoodPronet/pickmenu.aspx?locationNum=13&locationName=The+Atrium&dtdate=05/07/2026&activeMeal=Breakfast&sName=Rutgers+University+Dining,https://menuportal23.dining.rutgers.edu/FoodPronet/label.aspx?locationNum=13&locationName=The+Atrium&dtdate=05%2f07%2f2026&RecNumAndPort=130239*2,15.0,0.1,0.0,,0.0,10.9,,0.3,1.9,1.0,True,True,False,True,True
05/07/2026,2026-05-07T18:01:57,The Atrium,Busch,Breakfast,SAUTEED MUSHROOMS,2 OZ,https://menuportal23.dining.rutgers.edu/FoodPronet/pickmenu.aspx?locationNum=13&locationName=The+Atrium&dtdate=05/07/2026&activeMeal=Breakfast&sName=Rutgers+University+Dining,https://menuportal23.dining.rutgers.edu/FoodPronet/label.aspx?locationNum=13&locationName=The+Atrium&dtdate=05%2f07%2f2026&RecNumAndPort=130025*2,50.0,4.3,0.6,0.0,0.0,40.3,,0.7,1.3,2.1,True,True,False,True,True
05/07/2026,2026-05-07T18:01:57,The Atrium,Busch,Breakfast,SAUTEED ONION & PEPPERS,3 OZ,https://menuportal23.dining.rutgers.edu/FoodPronet/pickmenu.aspx?locationNum=13&locationName=The+Atrium&dtdate=05/07/2026&activeMeal=Breakfast&sName=Rutgers+University+Dining,https://menuportal23.dining.rutgers.edu/FoodPronet/label.aspx?locationNum=13&locationName=The+Atrium&dtdate=05%2f07%2f2026&RecNumAndPort=130240*3,78.0,4.2,0.6,0.0,0.0,4.8,,2.2,4.7,1.3,True,True,False,True,True
05/07/2026,2026-05-07T18:01:57,The Atrium,Busch,Breakfast,SHREDDED CHEDDAR CHEESE,2 OZ,https://menuportal23.dining.rutgers.edu/FoodPronet/pickmenu.aspx?locationNum=13&locationName=The+Atrium&dtdate=05/07/2026&activeMeal=Breakfast&sName=Rutgers+University+Dining,https://menuportal23.dining.rutgers.edu/FoodPronet/label.aspx?locationNum=13&locationName=The+Atrium&dtdate=05%2f07%2f2026&RecNumAndPort=157178*2,229.0,18.8,12.0,,59.5,352.1,,0.0,0.3,14.1,True,False,False,True,True
05/07/2026,2026-05-07T18:01:57,The Atrium,Busch,Breakfast,SHREDDED MOZZARELLA CHEESE,2 OZ,https://menuportal23.dining.rutgers.edu/FoodPronet/pickmenu.aspx?locationNum=13&locationName=The+Atrium&dtdate=05/07/2026&activeMeal=Breakfast&sName=Rutgers+University+Dining,https://menuportal23.dining.rutgers.edu/FoodPronet/label.aspx?locationNum=13&locationName=The+Atrium&dtdate=05%2f07%2f2026&RecNumAndPort=150009*2,182.0,14.2,8.1,0.0,40.5,405.0,,0.0,0.0,12.2,True,False,False,True,True
05/07/2026,2026-05-07T18:01:57,The Atrium,Busch,Breakfast,SLICED ONIONS,1 OZ,https://menuportal23.dining.rutgers.edu/FoodPronet/pickmenu.aspx?locationNum=13&locationName=The+Atrium&dtdate=05/07/2026&activeMeal=Breakfast&sName=Rutgers+University+Dining,https://menuportal23.dining.rutgers.edu/FoodPronet/label.aspx?locationNum=13&locationName=The+Atrium&dtdate=05%2f07%2f2026&RecNumAndPort=130181*1,11.0,0.0,0.0,0.0,0.0,1.1,,0.5,1.2,0.3,True,True,False,True,True
05/07/2026,2026-05-07T18:01:57,The Atrium,Busch,Breakfast,SLICED PEPPERJACK CHEESE,1 OZ,https://menuportal23.dining.rutgers.edu/FoodPronet/pickmenu.aspx?locationNum=13&locationName=The+Atrium&dtdate=05/07/2026&activeMeal=Breakfast&sName=Rutgers+University+Dining,https://menuportal23.dining.rutgers.edu/FoodPronet/label.aspx?locationNum=13&locationName=The+Atrium&dtdate=05%2f07%2f2026&RecNumAndPort=150147*1,106.0,8.6,5.4,,25.2,152.0,,0.0,0.1,6.9,True,False,False,True,True
05/07/2026,2026-05-07T18:01:57,The Atrium,Busch,Breakfast,SLICED PROVOLONE CHEESE,1 OZ,https://menuportal23.dining.rutgers.edu/FoodPronet/pickmenu.aspx?locationNum=13&locationName=The+Atrium&dtdate=05/07/2026&activeMeal=Breakfast&sName=Rutgers+University+Dining,https://menuportal23.dining.rutgers.edu/FoodPronet/label.aspx?locationNum=13&locationName=The+Atrium&dtdate=05%2f07%2f2026&RecNumAndPort=150183*1,100.0,7.5,4.8,,19.6,248.3,,0.0,0.2,7.3,True,False,False,True,True
05/07/2026,2026-05-07T18:01:57,The Atrium,Busch,Breakfast,VEGAN CHEESE SLICES,1 SLICE,https://menuportal23.dining.rutgers.edu/FoodPronet/pickmenu.aspx?locationNum=13&locationName=The+Atrium&dtdate=05/07/2026&activeMeal=Breakfast&sName=Rutgers+University+Dining,https://menuportal23.dining.rutgers.edu/FoodPronet/label.aspx?locationNum=13&locationName=The+Atrium&dtdate=05%2f07%2f2026&RecNumAndPort=150206*1,57.0,4.3,3.8,0.0,0.0,170.1,,,,0.0,True,False,False,True,True
05/07/2026,2026-05-07T18:01:57,The Atrium,Busch,Breakfast,YELLOW AMERICAN CHEESE,1 SLICE,https://menuportal23.dining.rutgers.edu/FoodPronet/pickmenu.aspx?locationNum=13&locationName=The+Atrium&dtdate=05/07/2026&activeMeal=Breakfast&sName=Rutgers+University+Dining,https://menuportal23.dining.rutgers.edu/FoodPronet/label.aspx?locationNum=13&locationName=The+Atrium&dtdate=05%2f07%2f2026&RecNumAndPort=150172*1,69.0,6.0,5.2,,12.9,240.5,,0.0,0.0,4.3,True,False,False,True,True
05/07/2026,2026-05-07T18:01:57,The Atrium,Busch,Lunch,BABY SPINACH,4 OZ,https://menuportal23.dining.rutgers.edu/FoodPronet/pickmenu.aspx?locationNum=13&locationName=The+Atrium&dtdate=05/07/2026&activeMeal=Lunch&sName=Rutgers+University+Dining,https://menuportal23.dining.rutgers.edu/FoodPronet/label.aspx?locationNum=13&locationName=The+Atrium&dtdate=05%2f07%2f2026&RecNumAndPort=130019*4,7.0,0.1,0.0,0.0,0.0,22.4,,0.6,0.1,0.8,True,True,False,True,True
05/07/2026,2026-05-07T18:01:57,The Atrium,Busch,Lunch,BROCCOLI FLORETS,4 OZ,https://menuportal23.dining.rutgers.edu/FoodPronet/pickmenu.aspx?locationNum=13&locationName=The+Atrium&dtdate=05/07/2026&activeMeal=Lunch&sName=Rutgers+University+Dining,https://menuportal23.dining.rutgers.edu/FoodPronet/label.aspx?locationNum=13&locationName=The+Atrium&dtdate=05%2f07%2f2026&RecNumAndPort=130034*4,39.0,0.4,0.0,0.0,0.0,148.3,,2.9,1.9,3.2,True,True,False,True,True
05/07/2026,2026-05-07T18:01:57,The Atrium,Busch,Lunch,BROCCOLI SALAD,3 OZ,https://menuportal23.dining.rutgers.edu/FoodPronet/pickmenu.aspx?locationNum=13&locationName=The+Atrium&dtdate=05/07/2026&activeMeal=Lunch&sName=Rutgers+University+Dining,https://menuportal23.dining.rutgers.edu/FoodPronet/label.aspx?locationNum=13&locationName=The+Atrium&dtdate=05%2f07%2f2026&RecNumAndPort=165016*3,48.0,0.5,0.1,0.0,0.0,62.6,,2.2,5.2,2.4,True,True,False,True,True
05/07/2026,2026-05-07T18:01:57,The Atrium,Busch,Lunch,CAULIFLOWER FLORETS,4 OZ,https://menuportal23.dining.rutgers.edu/FoodPronet/pickmenu.aspx?locationNum=13&locationName=The+Atrium&dtdate=05/07/2026&activeMeal=Lunch&sName=Rutgers+University+Dining,https://menuportal23.dining.rutgers.edu/FoodPronet/label.aspx?locationNum=13&locationName=The+Atrium&dtdate=05%2f07%2f2026&RecNumAndPort=130222*4,42.0,0.4,0.1,,0.0,50.4,,3.0,4.0,3.3,True,True,False,True,True
05/07/2026,2026-05-07T18:01:57,The Atrium,Busch,Lunch,CHERRY TOMATOES,4 EACH,https://menuportal23.dining.rutgers.edu/FoodPronet/pickmenu.aspx?locationNum=13&locationName=The+Atrium&dtdate=05/07/2026&activeMeal=Lunch&sName=Rutgers+University+Dining,https://menuportal23.dining.rutgers.edu/FoodPronet/label.aspx?locationNum=13&locationName=The+Atrium&dtdate=05%2f07%2f2026&RecNumAndPort=129500*4,14.0,0.2,0.0,,0.0,6.1,,0.7,1.9,0.6,True,True,False,True,True
05/07/2026,2026-05-07T18:01:57,The Atrium,Busch,Lunch,CHICKPEAS,1 OZ,https://menuportal23.dining.rutgers.edu/FoodPronet/pickmenu.aspx?locationNum=13&locationName=The+Atrium&dtdate=05/07/2026&activeMeal=Lunch&sName=Rutgers+University+Dining,https://menuportal23.dining.rutgers.edu/FoodPronet/label.aspx?locationNum=13&locationName=The+Atrium&dtdate=05%2f07%2f2026&RecNumAndPort=130462*1,25.0,0.3,0.0,,0.0,85.5,,1.1,0.1,1.4,True,True,False,True,True
05/07/2026,2026-05-07T18:01:57,The Atrium,Busch,Lunch,CHOPPED SWEET RED PEPPERS,1 OZ,https://menuportal23.dining.rutgers.edu/FoodPronet/pickmenu.aspx?locationNum=13&locationName=The+Atrium&dtdate=05/07/2026&activeMeal=Lunch&sName=Rutgers+University+Dining,https://menuportal23.dining.rutgers.edu/FoodPronet/label.aspx?locationNum=13&locationName=The+Atrium&dtdate=05%2f07%2f2026&RecNumAndPort=130237*1,11.0,0.1,0.0,0.0,0.0,1.4,,0.7,1.4,0.3,True,True,False,True,True
05/07/2026,2026-05-07T18:01:57,The Atrium,Busch,Lunch,CORN KERNELS,2 OZ,https://menuportal23.dining.rutgers.edu/FoodPronet/pickmenu.aspx?locationNum=13&locationName=The+Atrium&dtdate=05/07/2026&activeMeal=Lunch&sName=Rutgers+University+Dining,https://menuportal23.dining.rutgers.edu/FoodPronet/label.aspx?locationNum=13&locationName=The+Atrium&dtdate=05%2f07%2f2026&RecNumAndPort=129502*2,41.0,0.5,0.0,,0.0,163.3,,1.4,2.7,0.9,True,True,False,True,True
05/07/2026,2026-05-07T18:01:57,The Atrium,Busch,Lunch,CROUTONS,2 OZ,https://menuportal23.dining.rutgers.edu/FoodPronet/pickmenu.aspx?locationNum=13&locationName=The+Atrium&dtdate=05/07/2026&activeMeal=Lunch&sName=Rutgers+University+Dining,https://menuportal23.dining.rutgers.edu/FoodPronet/label.aspx?locationNum=13&locationName=The+Atrium&dtdate=05%2f07%2f2026&RecNumAndPort=150828*2,264.0,10.4,3.0,,4.0,617.5,,2.8,2.5,6.1,True,True,False,True,False
05/07/2026,2026-05-07T18:01:57,The Atrium,Busch,Lunch,CRUMBLED FETA CHEESE,1 OZ,https://menuportal23.dining.rutgers.edu/FoodPronet/pickmenu.aspx?locationNum=13&locationName=The+Atrium&dtdate=05/07/2026&activeMeal=Lunch&sName=Rutgers+University+Dining,https://menuportal23.dining.rutgers.edu/FoodPronet/label.aspx?locationNum=13&locationName=The+Atrium&dtdate=05%2f07%2f2026&RecNumAndPort=300837*1,75.0,6.0,4.2,,25.2,316.4,,0.0,1.2,4.0,True,False,False,True,True
05/07/2026,2026-05-07T18:01:57,The Atrium,Busch,Lunch,CUCUMBERS,1 OZ,https://menuportal23.dining.rutgers.edu/FoodPronet/pickmenu.aspx?locationNum=13&locationName=The+Atrium&dtdate=05/07/2026&activeMeal=Lunch&sName=Rutgers+University+Dining,https://menuportal23.dining.rutgers.edu/FoodPronet/label.aspx?locationNum=13&locationName=The+Atrium&dtdate=05%2f07%2f2026&RecNumAndPort=130080*1,3.0,0.0,0.0,,0.0,0.6,,0.2,0.4,0.2,True,True,False,True,True
05/07/2026,2026-05-07T18:01:57,The Atrium,Busch,Lunch,DICED TOFU,3 OZ,https://menuportal23.dining.rutgers.edu/FoodPronet/pickmenu.aspx?locationNum=13&locationName=The+Atrium&dtdate=05/07/2026&activeMeal=Lunch&sName=Rutgers+University+Dining,https://menuportal23.dining.rutgers.edu/FoodPronet/label.aspx?locationNum=13&locationName=The+Atrium&dtdate=05%2f07%2f2026&RecNumAndPort=143152*3,100.0,6.0,1.0,0.0,0.0,10.0,,0.0,0.0,9.0,True,True,False,True,True
05/07/2026,2026-05-07T18:01:57,The Atrium,Busch,Lunch,FARRO SALAD WITH CRAISINS,4 OZ,https://menuportal23.dining.rutgers.edu/FoodPronet/pickmenu.aspx?locationNum=13&locationName=The+Atrium&dtdate=05/07/2026&activeMeal=Lunch&sName=Rutgers+University+Dining,https://menuportal23.dining.rutgers.edu/FoodPronet/label.aspx?locationNum=13&locationName=The+Atrium&dtdate=05%2f07%2f2026&RecNumAndPort=165105*4,245.0,4.7,0.6,0.0,0.0,37.7,,5.2,28.3,3.3,True,True,False,True,True
05/07/2026,2026-05-07T18:01:57,The Atrium,Busch,Lunch,HARDBOILED EGGS,1 EACH,https://menuportal23.dining.rutgers.edu/FoodPronet/pickmenu.aspx?locationNum=13&locationName=The+Atrium&dtdate=05/07/2026&activeMeal=Lunch&sName=Rutgers+University+Dining,https://menuportal23.dining.rutgers.edu/FoodPronet/label.aspx?locationNum=13&locationName=The+Atrium&dtdate=05%2f07%2f2026&RecNumAndPort=500250*1,78.0,5.3,1.6,,186.5,62.0,,0.0,0.6,6.3,True,False,False,True,True
05/07/2026,2026-05-07T18:01:57,The Atrium,Busch,Lunch,KALE RIBBON SALAD W/ CRANBERRIES,3 OZ,https://menuportal23.dining.rutgers.edu/FoodPronet/pickmenu.aspx?locationNum=13&locationName=The+Atrium&dtdate=05/07/2026&activeMeal=Lunch&sName=Rutgers+University+Dining,https://menuportal23.dining.rutgers.edu/FoodPronet/label.aspx?locationNum=13&locationName=The+Atrium&dtdate=05%2f07%2f2026&RecNumAndPort=165207*3,245.0,16.3,2.3,0.0,0.0,175.7,,2.1,19.7,0.8,True,True,False,True,True
05/07/2026,2026-05-07T18:01:57,The Atrium,Busch,Lunch,QUINOA AND BUTTERNUT SALAD,3 OZ,https://menuportal23.dining.rutgers.edu/FoodPronet/pickmenu.aspx?locationNum=13&locationName=The+Atrium&dtdate=05/07/2026&activeMeal=Lunch&sName=Rutgers+University+Dining,https://menuportal23.dining.rutgers.edu/FoodPronet/label.aspx?locationNum=13&locationName=The+Atrium&dtdate=05%2f07%2f2026&RecNumAndPort=130153*3,65.0,1.2,0.5,0.0,2.9,53.2,,1.8,3.8,1.9,True,False,False,True,True
05/07/2026,2026-05-07T18:01:57,The Atrium,Busch,Lunch,RED ONION,2 OZ,https://menuportal23.dining.rutgers.edu/FoodPronet/pickmenu.aspx?locationNum=13&locationName=The+Atrium&dtdate=05/07/2026&activeMeal=Lunch&sName=Rutgers+University+Dining,https://menuportal23.dining.rutgers.edu/FoodPronet/label.aspx?locationNum=13&locationName=The+Atrium&dtdate=05%2f07%2f2026&RecNumAndPort=130154*2,22.0,0.1,0.0,,0.0,1.7,,1.0,3.5,0.7,True,True,False,True,True
05/07/2026,2026-05-07T18:01:57,The Atrium,Busch,Lunch,ROMAINE LETTUCE,4 OZ,https://menuportal23.dining.rutgers.edu/FoodPronet/pickmenu.aspx?locationNum=13&locationName=The+Atrium&dtdate=05/07/2026&activeMeal=Lunch&sName=Rutgers+University+Dining,https://menuportal23.dining.rutgers.edu/FoodPronet/label.aspx?locationNum=13&locationName=The+Atrium&dtdate=05%2f07%2f2026&RecNumAndPort=135045*4,19.0,0.3,0.0,0.0,0.0,9.1,,2.4,1.3,1.4,True,True,False,True,True
05/07/2026,2026-05-07T18:01:57,The Atrium,Busch,Lunch,SHREDDED CARROTS,1 OZ,https://menuportal23.dining.rutgers.edu/FoodPronet/pickmenu.aspx?locationNum=13&locationName=The+Atrium&dtdate=05/07/2026&activeMeal=Lunch&sName=Rutgers+University+Dining,https://menuportal23.dining.rutgers.edu/FoodPronet/label.aspx?locationNum=13&locationName=The+Atrium&dtdate=05%2f07%2f2026&RecNumAndPort=130078*1,12.0,0.1,0.0,0.0,0.0,19.6,,0.8,1.3,0.3,True,True,False,True,True
05/07/2026,2026-05-07T18:01:57,The Atrium,Busch,Lunch,SHREDDED CHEDDAR CHEESE,1 OZ,https://menuportal23.dining.rutgers.edu/FoodPronet/pickmenu.aspx?locationNum=13&locationName=The+Atrium&dtdate=05/07/2026&activeMeal=Lunch&sName=Rutgers+University+Dining,https://menuportal23.dining.rutgers.edu/FoodPronet/label.aspx?locationNum=13&locationName=The+Atrium&dtdate=05%2f07%2f2026&RecNumAndPort=157178*1,114.0,9.4,6.0,,29.8,176.1,,0.0,0.1,7.1,True,False,False,True,True
05/07/2026,2026-05-07T18:01:57,The Atrium,Busch,Lunch,SHREDDED MOZZARELLA CHEESE,2 OZ,https://menuportal23.dining.rutgers.edu/FoodPronet/pickmenu.aspx?locationNum=13&locationName=The+Atrium&dtdate=05/07/2026&activeMeal=Lunch&sName=Rutgers+University+Dining,https://menuportal23.dining.rutgers.edu/FoodPronet/label.aspx?locationNum=13&locationName=The+Atrium&dtdate=05%2f07%2f2026&RecNumAndPort=150009*2,182.0,14.2,8.1,0.0,40.5,405.0,,0.0,0.0,12.2,True,False,False,True,True
05/07/2026,2026-05-07T18:01:57,The Atrium,Busch,Lunch,SLICED BEETS,1 OZ,https://menuportal23.dining.rutgers.edu/FoodPronet/pickmenu.aspx?locationNum=13&locationName=The+Atrium&dtdate=05/07/2026&activeMeal=Lunch&sName=Rutgers+University+Dining,https://menuportal23.dining.rutgers.edu/FoodPronet/label.aspx?locationNum=13&locationName=The+Atrium&dtdate=05%2f07%2f2026&RecNumAndPort=130070*1,9.0,0.0,0.0,,0.0,77.7,,0.6,1.5,0.3,True,True,False,True,True
05/07/2026,2026-05-07T18:01:57,The Atrium,Busch,Lunch,SLICED MUSHROOMS,2 OZ,https://menuportal23.dining.rutgers.edu/FoodPronet/pickmenu.aspx?locationNum=13&locationName=The+Atrium&dtdate=05/07/2026&activeMeal=Lunch&sName=Rutgers+University+Dining,https://menuportal23.dining.rutgers.edu/FoodPronet/label.aspx?locationNum=13&locationName=The+Atrium&dtdate=05%2f07%2f2026&RecNumAndPort=130127*2,12.0,0.2,0.0,0.0,0.0,2.8,,0.6,1.1,1.8,True,True,False,True,True
05/07/2026,2026-05-07T18:01:57,The Atrium,Busch,Lunch,SPRING MIX GREENS,1/4 OZ,https://menuportal23.dining.rutgers.edu/FoodPronet/pickmenu.aspx?locationNum=13&locationName=The+Atrium&dtdate=05/07/2026&activeMeal=Lunch&sName=Rutgers+University+Dining,https://menuportal23.dining.rutgers.edu/FoodPronet/label.aspx?locationNum=13&locationName=The+Atrium&dtdate=05%2f07%2f2026&RecNumAndPort=580000*1%2f4,1.0,0.0,0.0,,0.0,1.2,,0.1,0.0,0.1,True,True,False,True,True
05/07/2026,2026-05-07T18:01:57,The Atrium,Busch,Lunch,TABOULEH PARSLEY SALAD,1 OZ,https://menuportal23.dining.rutgers.edu/FoodPronet/pickmenu.aspx?locationNum=13&locationName=The+Atrium&dtdate=05/07/2026&activeMeal=Lunch&sName=Rutgers+University+Dining,https://menuportal23.dining.rutgers.edu/FoodPronet/label.aspx?locationNum=13&locationName=The+Atrium&dtdate=05%2f07%2f2026&RecNumAndPort=143170*1,43.0,0.9,0.1,0.0,0.0,78.5,,1.9,0.5,1.4,True,True,False,True,True
05/07/2026,2026-05-07T18:01:57,The Atrium,Busch,Lunch,TOMATO WEDGES,3 EACH,https://menuportal23.dining.rutgers.edu/FoodPronet/pickmenu.aspx?locationNum=13&locationName=The+Atrium&dtdate=05/07/2026&activeMeal=Lunch&sName=Rutgers+University+Dining,https://menuportal23.dining.rutgers.edu/FoodPronet/label.aspx?locationNum=13&locationName=The+Atrium&dtdate=05%2f07%2f2026&RecNumAndPort=130081*3,18.0,0.2,0.0,,0.0,13.1,,0.4,2.2,1.1,True,True,False,True,True
05/07/2026,2026-05-07T18:01:57,The Atrium,Busch,Lunch,WHOLE BLACK PITTED OLIVES,4 EACH,https://menuportal23.dining.rutgers.edu/FoodPronet/pickmenu.aspx?locationNum=13&locationName=The+Atrium&dtdate=05/07/2026&activeMeal=Lunch&sName=Rutgers+University+Dining,https://menuportal23.dining.rutgers.edu/FoodPronet/label.aspx?locationNum=13&locationName=The+Atrium&dtdate=05%2f07%2f2026&RecNumAndPort=150096*4,17.0,1.6,0.2,0.0,0.0,110.3,,0.5,0.0,0.1,True,True,False,True,True
05/07/2026,2026-05-07T18:01:57,The Atrium,Busch,Lunch,CHICKEN NOODLE SOUP,6 OZL,https://menuportal23.dining.rutgers.edu/FoodPronet/pickmenu.aspx?locationNum=13&locationName=The+Atrium&dtdate=05/07/2026&activeMeal=Lunch&sName=Rutgers+University+Dining,https://menuportal23.dining.rutgers.edu/FoodPronet/label.aspx?locationNum=13&locationName=The+Atrium&dtdate=05%2f07%2f2026&RecNumAndPort=020011*6,76.0,2.5,0.7,0.0,26.5,390.8,,0.9,2.2,6.8,False,False,False,True,True
05/07/2026,2026-05-07T18:01:57,The Atrium,Busch,Lunch,CREAM OF TOMATO BASIL SOUP,6 OZ,https://menuportal23.dining.rutgers.edu/FoodPronet/pickmenu.aspx?locationNum=13&locationName=The+Atrium&dtdate=05/07/2026&activeMeal=Lunch&sName=Rutgers+University+Dining,https://menuportal23.dining.rutgers.edu/FoodPronet/label.aspx?locationNum=13&locationName=The+Atrium&dtdate=05%2f07%2f2026&RecNumAndPort=020126*6,330.0,28.6,17.6,0.8,96.0,65.3,,0.4,3.7,5.5,True,False,False,True,True
05/07/2026,2026-05-07T18:01:57,The Atrium,Busch,Lunch,BUFFALO CHICKEN PIZZA,1 SLICE,https://menuportal23.dining.rutgers.edu/FoodPronet/pickmenu.aspx?locationNum=13&locationName=The+Atrium&dtdate=05/07/2026&activeMeal=Lunch&sName=Rutgers+University+Dining,https://menuportal23.dining.rutgers.edu/FoodPronet/label.aspx?locationNum=13&locationName=The+Atrium&dtdate=05%2f07%2f2026&RecNumAndPort=130432*1,368.0,14.9,6.8,0.0,46.1,881.3,,0.5,2.3,21.7,False,False,True,True,False
05/07/2026,2026-05-07T18:01:57,The Atrium,Busch,Lunch,CHEESE PIZZA,1 SLICE,https://menuportal23.dining.rutgers.edu/FoodPronet/pickmenu.aspx?locationNum=13&locationName=The+Atrium&dtdate=05/07/2026&activeMeal=Lunch&sName=Rutgers+University+Dining,https://menuportal23.dining.rutgers.edu/FoodPronet/label.aspx?locationNum=13&locationName=The+Atrium&dtdate=05%2f07%2f2026&RecNumAndPort=130437*1,369.0,15.9,8.2,0.0,40.5,852.5,,0.4,2.1,19.7,True,False,False,True,False
05/07/2026,2026-05-07T18:01:57,The Atrium,Busch,Lunch,CHICKEN BACON RANCH PIZZA,1 SLICE,https://menuportal23.dining.rutgers.edu/FoodPronet/pickmenu.aspx?locationNum=13&locationName=The+Atrium&dtdate=05/07/2026&activeMeal=Lunch&sName=Rutgers+University+Dining,https://menuportal23.dining.rutgers.edu/FoodPronet/label.aspx?locationNum=13&locationName=The+Atrium&dtdate=05%2f07%2f2026&RecNumAndPort=130469*1,384.0,16.9,7.5,0.0,58.5,997.2,,0.4,2.2,21.3,False,False,True,True,False
05/07/2026,2026-05-07T18:01:57,The Atrium,Busch,Lunch,EGGPLANT PARMESAN FLATBREAD,1 HALF,https://menuportal23.dining.rutgers.edu/FoodPronet/pickmenu.aspx?locationNum=13&locationName=The+Atrium&dtdate=05/07/2026&activeMeal=Lunch&sName=Rutgers+University+Dining,https://menuportal23.dining.rutgers.edu/FoodPronet/label.aspx?locationNum=13&locationName=The+Atrium&dtdate=05%2f07%2f2026&RecNumAndPort=130443*1,666.0,31.6,13.6,0.0,63.1,965.6,,4.0,4.0,29.3,True,False,True,False,False
05/07/2026,2026-05-07T18:01:57,The Atrium,Busch,Lunch,GOCHUJANG CHICKEN FLATBREAD,1 HALF,https://menuportal23.dining.rutgers.edu/FoodPronet/pickmenu.aspx?locationNum=13&locationName=The+Atrium&dtdate=05/07/2026&activeMeal=Lunch&sName=Rutgers+University+Dining,https://menuportal23.dining.rutgers.edu/FoodPronet/label.aspx?locationNum=13&locationName=The+Atrium&dtdate=05%2f07%2f2026&RecNumAndPort=130476*1,802.0,44.4,15.8,0.0,103.1,1224.6,,2.9,16.3,32.6,False,False,True,False,False
05/07/2026,2026-05-07T18:01:57,The Atrium,Busch,Lunch,GYRO FLATBREAD,1 HALF,https://menuportal23.dining.rutgers.edu/FoodPronet/pickmenu.aspx?locationNum=13&locationName=The+Atrium&dtdate=05/07/2026&activeMeal=Lunch&sName=Rutgers+University+Dining,https://menuportal23.dining.rutgers.edu/FoodPronet/label.aspx?locationNum=13&locationName=The+Atrium&dtdate=05%2f07%2f2026&RecNumAndPort=130468*1,643.0,32.8,11.1,0.0,94.7,1231.3,,2.5,2.5,34.6,True,True,True,False,False
05/07/2026,2026-05-07T18:01:57,The Atrium,Busch,Lunch,MEAT LOVER'S PIZZA,1 SLICE,https://menuportal23.dining.rutgers.edu/FoodPronet/pickmenu.aspx?locationNum=13&locationName=The+Atrium&dtdate=05/07/2026&activeMeal=Lunch&sName=Rutgers+University+Dining,https://menuportal23.dining.rutgers.edu/FoodPronet/label.aspx?locationNum=13&locationName=The+Atrium&dtdate=05%2f07%2f2026&RecNumAndPort=130430*1,419.0,20.0,8.7,0.0,52.0,1127.6,,0.4,2.7,22.3,True,True,True,False,False
05/07/2026,2026-05-07T18:01:57,The Atrium,Busch,Lunch,PROSCIUTTO & FIG FLATBREAD,1 HALF,https://menuportal23.dining.rutgers.edu/FoodPronet/pickmenu.aspx?locationNum=13&locationName=The+Atrium&dtdate=05/07/2026&activeMeal=Lunch&sName=Rutgers+University+Dining,https://menuportal23.dining.rutgers.edu/FoodPronet/label.aspx?locationNum=13&locationName=The+Atrium&dtdate=05%2f07%2f2026&RecNumAndPort=130478*1,523.0,18.1,10.0,0.0,52.8,985.1,,1.9,12.1,27.4,True,True,True,False,False
05/07/2026,2026-05-07T18:01:57,The Atrium,Busch,Lunch,ROASTED MUSHROOM FLATBREAD,1 HALF,https://menuportal23.dining.rutgers.edu/FoodPronet/pickmenu.aspx?locationNum=13&locationName=The+Atrium&dtdate=05/07/2026&activeMeal=Lunch&sName=Rutgers+University+Dining,https://menuportal23.dining.rutgers.edu/FoodPronet/label.aspx?locationNum=13&locationName=The+Atrium&dtdate=05%2f07%2f2026&RecNumAndPort=130477*1,483.0,17.3,9.1,0.0,52.3,779.0,,3.5,9.2,22.8,True,True,True,False,False
05/07/2026,2026-05-07T18:01:57,The Atrium,Busch,Lunch,ROASTED VEGETABLE FLATBREAD,1 HALF,https://menuportal23.dining.rutgers.edu/FoodPronet/pickmenu.aspx?locationNum=13&locationName=The+Atrium&dtdate=05/07/2026&activeMeal=Lunch&sName=Rutgers+University+Dining,https://menuportal23.dining.rutgers.edu/FoodPronet/label.aspx?locationNum=13&locationName=The+Atrium&dtdate=05%2f07%2f2026&RecNumAndPort=130475*1,523.0,21.4,8.8,0.0,40.5,921.2,,4.3,6.9,22.9,True,True,True,False,False
05/07/2026,2026-05-07T18:01:57,The Atrium,Busch,Lunch,SPINACH & TOMATO PIZZA,1 SLICE,https://menuportal23.dining.rutgers.edu/FoodPronet/pickmenu.aspx?locationNum=13&locationName=The+Atrium&dtdate=05/07/2026&activeMeal=Lunch&sName=Rutgers+University+Dining,https://menuportal23.dining.rutgers.edu/FoodPronet/label.aspx?locationNum=13&locationName=The+Atrium&dtdate=05%2f07%2f2026&RecNumAndPort=130472*1,285.0,8.5,4.1,0.0,20.3,624.7,,0.8,1.6,14.7,True,True,False,True,False
05/07/2026,2026-05-07T18:01:57,The Atrium,Busch,Lunch,TURKEY PEPPERONI PIZZA,1 SLICE,https://menuportal23.dining.rutgers.edu/FoodPronet/pickmenu.aspx?locationNum=13&locationName=The+Atrium&dtdate=05/07/2026&activeMeal=Lunch&sName=Rutgers+University+Dining,https://menuportal23.dining.rutgers.edu/FoodPronet/label.aspx?locationNum=13&locationName=The+Atrium&dtdate=05%2f07%2f2026&RecNumAndPort=130471*1,399.0,17.5,8.8,0.0,53.2,1014.5,,0.4,2.7,22.7,False,False,True,True,False
05/07/2026,2026-05-07T18:01:57,The Atrium,Busch,Lunch,VEGAN PIZZA,1 SLICE,https://menuportal23.dining.rutgers.edu/FoodPronet/pickmenu.aspx?locationNum=13&locationName=The+Atrium&dtdate=05/07/2026&activeMeal=Lunch&sName=Rutgers+University+Dining,https://menuportal23.dining.rutgers.edu/FoodPronet/label.aspx?locationNum=13&locationName=The+Atrium&dtdate=05%2f07%2f2026&RecNumAndPort=143277*1,369.0,13.9,4.2,0.0,0.0,1014.5,,2.4,2.1,9.5,True,True,False,True,False
05/07/2026,2026-05-07T18:01:57,The Atrium,Busch,Lunch,VEGGIE LOVER'S PIZZA,1 SLICE,https://menuportal23.dining.rutgers.edu/FoodPronet/pickmenu.aspx?locationNum=13&locationName=The+Atrium&dtdate=05/07/2026&activeMeal=Lunch&sName=Rutgers+University+Dining,https://menuportal23.dining.rutgers.edu/FoodPronet/label.aspx?locationNum=13&locationName=The+Atrium&dtdate=05%2f07%2f2026&RecNumAndPort=130470*1,283.0,8.9,4.2,0.0,20.3,650.7,,0.7,2.7,13.9,True,False,False,True,False
05/07/2026,2026-05-07T18:01:57,The Atrium,Busch,Lunch,WHITE AND GREEN FLATBREAD,1 HALF,https://menuportal23.dining.rutgers.edu/FoodPronet/pickmenu.aspx?locationNum=13&locationName=The+Atrium&dtdate=05/07/2026&activeMeal=Lunch&sName=Rutgers+University+Dining,https://menuportal23.dining.rutgers.edu/FoodPronet/label.aspx?locationNum=13&locationName=The+Atrium&dtdate=05%2f07%2f2026&RecNumAndPort=130378*1,630.0,30.7,15.6,0.0,79.3,998.7,,3.9,0.9,34.6,True,True,True,False,False
05/07/2026,2026-05-07T18:01:57,The Atrium,Busch,Lunch,DICED TOMATOES,2 OZ,https://menuportal23.dining.rutgers.edu/FoodPronet/pickmenu.aspx?locationNum=13&locationName=The+Atrium&dtdate=05/07/2026&activeMeal=Lunch&sName=Rutgers+University+Dining,https://menuportal23.dining.rutgers.edu/FoodPronet/label.aspx?locationNum=13&locationName=The+Atrium&dtdate=05%2f07%2f2026&RecNumAndPort=130239*2,15.0,0.1,0.0,,0.0,10.9,,0.3,1.9,1.0,True,True,False,True,True
05/07/2026,2026-05-07T18:01:57,The Atrium,Busch,Lunch,PORK SAUSAGE CRUMBLES,2 OZ,https://menuportal23.dining.rutgers.edu/FoodPronet/pickmenu.aspx?locationNum=13&locationName=The+Atrium&dtdate=05/07/2026&activeMeal=Lunch&sName=Rutgers+University+Dining,https://menuportal23.dining.rutgers.edu/FoodPronet/label.aspx?locationNum=13&locationName=The+Atrium&dtdate=05%2f07%2f2026&RecNumAndPort=195009*2,190.0,17.0,5.2,,44.3,489.1,,0.0,1.5,7.0,False,False,False,True,True
05/07/2026,2026-05-07T18:01:57,The Atrium,Busch,Lunch,RIPE SLICED OLIVES,1 OZ,https://menuportal23.dining.rutgers.edu/FoodPronet/pickmenu.aspx?locationNum=13&locationName=The+Atrium&dtdate=05/07/2026&activeMeal=Lunch&sName=Rutgers+University+Dining,https://menuportal23.dining.rutgers.edu/FoodPronet/label.aspx?locationNum=13&locationName=The+Atrium&dtdate=05%2f07%2f2026&RecNumAndPort=150014*1,33.0,3.0,0.4,0.0,0.0,208.4,,0.9,0.0,0.2,True,True,False,True,True
05/07/2026,2026-05-07T18:01:57,The Atrium,Busch,Lunch,SLICED BACON,2 SLICE,https://menuportal23.dining.rutgers.edu/FoodPronet/pickmenu.aspx?locationNum=13&locationName=The+Atrium&dtdate=05/07/2026&activeMeal=Lunch&sName=Rutgers+University+Dining,https://menuportal23.dining.rutgers.edu/FoodPronet/label.aspx?locationNum=13&locationName=The+Atrium&dtdate=05%2f07%2f2026&RecNumAndPort=195037*2,159.0,13.6,4.5,0.0,79.4,1043.3,,0.0,0.0,9.1,False,False,False,True,False
05/07/2026,2026-05-07T18:01:57,The Atrium,Busch,Lunch,SLICED ONIONS,1 OZ,https://menuportal23.dining.rutgers.edu/FoodPronet/pickmenu.aspx?locationNum=13&locationName=The+Atrium&dtdate=05/07/2026&activeMeal=Lunch&sName=Rutgers+University+Dining,https://menuportal23.dining.rutgers.edu/FoodPronet/label.aspx?locationNum=13&locationName=The+Atrium&dtdate=05%2f07%2f2026&RecNumAndPort=130181*1,11.0,0.0,0.0,0.0,0.0,1.1,,0.5,1.2,0.3,True,True,False,True,True
05/07/2026,2026-05-07T18:01:57,The Atrium,Busch,Lunch,THIN SLICED GREEN BELL PEPPERS,2 OZ,https://menuportal23.dining.rutgers.edu/FoodPronet/pickmenu.aspx?locationNum=13&locationName=The+Atrium&dtdate=05/07/2026&activeMeal=Lunch&sName=Rutgers+University+Dining,https://menuportal23.dining.rutgers.edu/FoodPronet/label.aspx?locationNum=13&locationName=The+Atrium&dtdate=05%2f07%2f2026&RecNumAndPort=130027*2,1.0,0.0,0.0,0.0,0.0,0.1,,0.1,0.1,0.0,True,True,False,True,True
05/07/2026,2026-05-07T18:01:57,The Atrium,Busch,Lunch,TURKEY PEPPERONI SLICES,1 OZ,https://menuportal23.dining.rutgers.edu/FoodPronet/pickmenu.aspx?locationNum=13&locationName=The+Atrium&dtdate=05/07/2026&activeMeal=Lunch&sName=Rutgers+University+Dining,https://menuportal23.dining.rutgers.edu/FoodPronet/label.aspx?locationNum=13&locationName=The+Atrium&dtdate=05%2f07%2f2026&RecNumAndPort=019810*1,61.0,3.0,1.0,0.0,25.3,324.0,,0.0,1.0,6.1,False,False,False,True,True
05/07/2026,2026-05-07T18:01:57,The Atrium,Busch,Lunch,VEGAN CRUMBLES,4 OZ,https://menuportal23.dining.rutgers.edu/FoodPronet/pickmenu.aspx?locationNum=13&locationName=The+Atrium&dtdate=05/07/2026&activeMeal=Lunch&sName=Rutgers+University+Dining,https://menuportal23.dining.rutgers.edu/FoodPronet/label.aspx?locationNum=13&locationName=The+Atrium&dtdate=05%2f07%2f2026&RecNumAndPort=130460*4,136.0,1.7,0.0,0.0,0.0,351.5,,5.7,2.3,20.4,True,True,True,True,True
05/07/2026,2026-05-07T18:01:57,The Atrium,Busch,Lunch,CHICKEN SOUVLAKI,2 EACH,https://menuportal23.dining.rutgers.edu/FoodPronet/pickmenu.aspx?locationNum=13&locationName=The+Atrium&dtdate=05/07/2026&activeMeal=Lunch&sName=Rutgers+University+Dining,https://menuportal23.dining.rutgers.edu/FoodPronet/label.aspx?locationNum=13&locationName=The+Atrium&dtdate=05%2f07%2f2026&RecNumAndPort=111328*2,320.0,7.0,1.0,0.0,190.0,1140.0,,0.0,0.0,58.0,False,False,True,True,False
05/07/2026,2026-05-07T18:01:57,The Atrium,Busch,Lunch,FALAFEL MEZZE,12 OZ,https://menuportal23.dining.rutgers.edu/FoodPronet/pickmenu.aspx?locationNum=13&locationName=The+Atrium&dtdate=05/07/2026&activeMeal=Lunch&sName=Rutgers+University+Dining,https://menuportal23.dining.rutgers.edu/FoodPronet/label.aspx?locationNum=13&locationName=The+Atrium&dtdate=05%2f07%2f2026&RecNumAndPort=130427*12,734.0,22.7,4.7,0.0,12.1,1653.6,,25.0,16.8,29.1,True,True,True,False,False
05/07/2026,2026-05-07T18:01:57,The Atrium,Busch,Lunch,GRILLED CHICKEN BREAST,4 OZ,https://menuportal23.dining.rutgers.edu/FoodPronet/pickmenu.aspx?locationNum=13&locationName=The+Atrium&dtdate=05/07/2026&activeMeal=Lunch&sName=Rutgers+University+Dining,https://menuportal23.dining.rutgers.edu/FoodPronet/label.aspx?locationNum=13&locationName=The+Atrium&dtdate=05%2f07%2f2026&RecNumAndPort=800008*4,131.0,3.0,0.6,0.0,80.5,99.4,,0.0,0.0,25.3,False,False,True,True,True
05/07/2026,2026-05-07T18:01:57,The Atrium,Busch,Lunch,GRILLED SALMON,1 EACH,https://menuportal23.dining.rutgers.edu/FoodPronet/pickmenu.aspx?locationNum=13&locationName=The+Atrium&dtdate=05/07/2026&activeMeal=Lunch&sName=Rutgers+University+Dining,https://menuportal23.dining.rutgers.edu/FoodPronet/label.aspx?locationNum=13&locationName=The+Atrium&dtdate=05%2f07%2f2026&RecNumAndPort=170071*1,178.0,8.2,1.4,0.0,52.2,528.9,,0.2,0.0,23.5,False,False,True,True,True
05/07/2026,2026-05-07T18:01:57,The Atrium,Busch,Lunch,SPANAKOPITA MEZZE,1 EACH,https://menuportal23.dining.rutgers.edu/FoodPronet/pickmenu.aspx?locationNum=13&locationName=The+Atrium&dtdate=05/07/2026&activeMeal=Lunch&sName=Rutgers+University+Dining,https://menuportal23.dining.rutgers.edu/FoodPronet/label.aspx?locationNum=13&locationName=The+Atrium&dtdate=05%2f07%2f2026&RecNumAndPort=130428*1,571.0,19.6,6.2,0.0,7.4,1293.7,,9.1,11.3,16.3,True,True,False,False,False
05/07/2026,2026-05-07T18:01:57,The Atrium,Busch,Lunch,BAKED BROWN RICE,4 OZ,https://menuportal23.dining.rutgers.edu/FoodPronet/pickmenu.aspx?locationNum=13&locationName=The+Atrium&dtdate=05/07/2026&activeMeal=Lunch&sName=Rutgers+University+Dining,https://menuportal23.dining.rutgers.edu/FoodPronet/label.aspx?locationNum=13&locationName=The+Atrium&dtdate=05%2f07%2f2026&RecNumAndPort=163001*4,201.0,1.6,0.3,0.0,0.0,119.0,,1.9,0.5,4.3,True,True,False,True,True
05/07/2026,2026-05-07T18:01:57,The Atrium,Busch,Lunch,FARRO,5 OZ,https://menuportal23.dining.rutgers.edu/FoodPronet/pickmenu.aspx?locationNum=13&locationName=The+Atrium&dtdate=05/07/2026&activeMeal=Lunch&sName=Rutgers+University+Dining,https://menuportal23.dining.rutgers.edu/FoodPronet/label.aspx?locationNum=13&locationName=The+Atrium&dtdate=05%2f07%2f2026&RecNumAndPort=165260*5,130.0,1.5,0.0,0.0,0.0,139.9,,3.0,2.0,5.0,True,True,False,True,True
05/07/2026,2026-05-07T18:01:57,The Atrium,Busch,Lunch,STEAMED WHITE RICE,4 OZ,https://menuportal23.dining.rutgers.edu/FoodPronet/pickmenu.aspx?locationNum=13&locationName=The+Atrium&dtdate=05/07/2026&activeMeal=Lunch&sName=Rutgers+University+Dining,https://menuportal23.dining.rutgers.edu/FoodPronet/label.aspx?locationNum=13&locationName=The+Atrium&dtdate=05%2f07%2f2026&RecNumAndPort=163017*4,196.0,0.3,0.1,0.0,0.0,115.8,,0.8,0.3,3.6,True,True,False,True,True
05/07/2026,2026-05-07T18:01:57,The Atrium,Busch,Lunch,FAJITA VEGETABLE,1 EACH,https://menuportal23.dining.rutgers.edu/FoodPronet/pickmenu.aspx?locationNum=13&locationName=The+Atrium&dtdate=05/07/2026&activeMeal=Lunch&sName=Rutgers+University+Dining,https://menuportal23.dining.rutgers.edu/FoodPronet/label.aspx?locationNum=13&locationName=The+Atrium&dtdate=05%2f07%2f2026&RecNumAndPort=130448*1,56.0,0.3,0.1,0.0,0.0,5.7,,2.6,4.7,1.8,True,True,False,True,True
05/07/2026,2026-05-07T18:01:57,The Atrium,Busch,Lunch,FRESHLY MADE HUMMUS,3 OZ.,https://menuportal23.dining.rutgers.edu/FoodPronet/pickmenu.aspx?locationNum=13&locationName=The+Atrium&dtdate=05/07/2026&activeMeal=Lunch&sName=Rutgers+University+Dining,https://menuportal23.dining.rutgers.edu/FoodPronet/label.aspx?locationNum=13&locationName=The+Atrium&dtdate=05%2f07%2f2026&RecNumAndPort=143101*3,95.0,3.0,0.3,0.0,0.0,272.3,,2.7,0.4,3.7,True,True,False,True,True
05/07/2026,2026-05-07T18:01:57,The Atrium,Busch,Lunch,GRILLED VEGETABLES,1 EACH,https://menuportal23.dining.rutgers.edu/FoodPronet/pickmenu.aspx?locationNum=13&locationName=The+Atrium&dtdate=05/07/2026&activeMeal=Lunch&sName=Rutgers+University+Dining,https://menuportal23.dining.rutgers.edu/FoodPronet/label.aspx?locationNum=13&locationName=The+Atrium&dtdate=05%2f07%2f2026&RecNumAndPort=130449*1,57.0,1.6,0.2,0.0,0.0,86.8,,3.1,4.4,3.5,True,True,False,True,True
05/07/2026,2026-05-07T18:01:57,The Atrium,Busch,Lunch,HORIATIKI GREEK SALAD,3 OZ,https://menuportal23.dining.rutgers.edu/FoodPronet/pickmenu.aspx?locationNum=13&locationName=The+Atrium&dtdate=05/07/2026&activeMeal=Lunch&sName=Rutgers+University+Dining,https://menuportal23.dining.rutgers.edu/FoodPronet/label.aspx?locationNum=13&locationName=The+Atrium&dtdate=05%2f07%2f2026&RecNumAndPort=165203*3,75.0,5.1,2.3,0.0,12.1,447.7,,1.1,2.3,2.7,True,True,False,True,True
05/07/2026,2026-05-07T18:01:57,The Atrium,Busch,Lunch,MEDITERRANEAN LENTIL SALAD,2 OZ,https://menuportal23.dining.rutgers.edu/FoodPronet/pickmenu.aspx?locationNum=13&locationName=The+Atrium&dtdate=05/07/2026&activeMeal=Lunch&sName=Rutgers+University+Dining,https://menuportal23.dining.rutgers.edu/FoodPronet/label.aspx?locationNum=13&locationName=The+Atrium&dtdate=05%2f07%2f2026&RecNumAndPort=019947*2,31.0,1.3,0.2,0.0,0.0,77.2,,0.6,0.4,1.4,True,True,False,True,True
05/07/2026,2026-05-07T18:01:57,The Atrium,Busch,Lunch,SEASONED WAFFLE FRIES,4 OZ,https://menuportal23.dining.rutgers.edu/FoodPronet/pickmenu.aspx?locationNum=13&locationName=The+Atrium&dtdate=05/07/2026&activeMeal=Lunch&sName=Rutgers+University+Dining,https://menuportal23.dining.rutgers.edu/FoodPronet/label.aspx?locationNum=13&locationName=The+Atrium&dtdate=05%2f07%2f2026&RecNumAndPort=161029*4,291.0,20.0,2.1,0.0,0.0,448.5,,2.6,0.0,2.6,True,True,False,True,True
05/07/2026,2026-05-07T18:01:57,The Atrium,Busch,Lunch,STUFFED GRAPE LEAVES,2 EACH,https://menuportal23.dining.rutgers.edu/FoodPronet/pickmenu.aspx?locationNum=13&locationName=The+Atrium&dtdate=05/07/2026&activeMeal=Lunch&sName=Rutgers+University+Dining,https://menuportal23.dining.rutgers.edu/FoodPronet/label.aspx?locationNum=13&locationName=The+Atrium&dtdate=05%2f07%2f2026&RecNumAndPort=143233*2,146.0,6.2,0.9,0.0,0.0,696.8,,3.5,4.4,2.6,True,True,False,True,False
05/07/2026,2026-05-07T18:01:57,The Atrium,Busch,Lunch,TZATZIKI SAUCE ( GYRO SAUCE),3 OZL,https://menuportal23.dining.rutgers.edu/FoodPronet/pickmenu.aspx?locationNum=13&locationName=The+Atrium&dtdate=05/07/2026&activeMeal=Lunch&sName=Rutgers+University+Dining,https://menuportal23.dining.rutgers.edu/FoodPronet/label.aspx?locationNum=13&locationName=The+Atrium&dtdate=05%2f07%2f2026&RecNumAndPort=157204*3,65.0,4.6,2.2,0.1,10.2,355.7,,0.2,3.2,2.3,True,True,False,True,True
05/07/2026,2026-05-07T18:01:57,The Atrium,Busch,Lunch,GENERAL TSO CHICKEN,6 OZ,https://menuportal23.dining.rutgers.edu/FoodPronet/pickmenu.aspx?locationNum=13&locationName=The+Atrium&dtdate=05/07/2026&activeMeal=Lunch&sName=Rutgers+University+Dining,https://menuportal23.dining.rutgers.edu/FoodPronet/label.aspx?locationNum=13&locationName=The+Atrium&dtdate=05%2f07%2f2026&RecNumAndPort=111325*6,316.0,16.4,2.5,0.0,42.2,761.4,,0.5,18.7,16.4,False,False,False,True,False
05/07/2026,2026-05-07T18:01:57,The Atrium,Busch,Lunch,JASMINE RICE,4 OZ,https://menuportal23.dining.rutgers.edu/FoodPronet/pickmenu.aspx?locationNum=13&locationName=The+Atrium&dtdate=05/07/2026&activeMeal=Lunch&sName=Rutgers+University+Dining,https://menuportal23.dining.rutgers.edu/FoodPronet/label.aspx?locationNum=13&locationName=The+Atrium&dtdate=05%2f07%2f2026&RecNumAndPort=163022*4,210.0,0.0,0.0,0.0,0.0,446.2,,1.3,0.0,3.9,True,True,False,True,True
05/07/2026,2026-05-07T18:01:57,The Atrium,Busch,Lunch,PEPPER STEAK,6 OZ,https://menuportal23.dining.rutgers.edu/FoodPronet/pickmenu.aspx?locationNum=13&locationName=The+Atrium&dtdate=05/07/2026&activeMeal=Lunch&sName=Rutgers+University+Dining,https://menuportal23.dining.rutgers.edu/FoodPronet/label.aspx?locationNum=13&locationName=The+Atrium&dtdate=05%2f07%2f2026&RecNumAndPort=019902*6,205.0,5.3,1.9,0.0,65.3,903.7,,1.3,4.3,28.2,True,True,True,True,False
05/07/2026,2026-05-07T18:01:57,The Atrium,Busch,Lunch,SPRING EGG ROLL,1 EACH,https://menuportal23.dining.rutgers.edu/FoodPronet/pickmenu.aspx?locationNum=13&locationName=The+Atrium&dtdate=05/07/2026&activeMeal=Lunch&sName=Rutgers+University+Dining,https://menuportal23.dining.rutgers.edu/FoodPronet/label.aspx?locationNum=13&locationName=The+Atrium&dtdate=05%2f07%2f2026&RecNumAndPort=150046*1,163.0,8.8,0.6,0.0,0.0,419.0,,1.2,3.6,2.4,True,False,False,True,True
05/07/2026,2026-05-07T18:01:57,The Atrium,Busch,Lunch,VEGAN SZECHUAN BEAN CURD,6 OZ,https://menuportal23.dining.rutgers.edu/FoodPronet/pickmenu.aspx?locationNum=13&locationName=The+Atrium&dtdate=05/07/2026&activeMeal=Lunch&sName=Rutgers+University+Dining,https://menuportal23.dining.rutgers.edu/FoodPronet/label.aspx?locationNum=13&locationName=The+Atrium&dtdate=05%2f07%2f2026&RecNumAndPort=195517*6,186.0,8.7,1.4,0.0,0.0,626.2,,1.7,2.3,18.1,True,True,False,True,False
05/07/2026,2026-05-07T18:01:57,The Atrium,Busch,Lunch,BABY CORN,2 OZ,https://menuportal23.dining.rutgers.edu/FoodPronet/pickmenu.aspx?locationNum=13&locationName=The+Atrium&dtdate=05/07/2026&activeMeal=Lunch&sName=Rutgers+University+Dining,https://menuportal23.dining.rutgers.edu/FoodPronet/label.aspx?locationNum=13&locationName=The+Atrium&dtdate=05%2f07%2f2026&RecNumAndPort=130130*2,46.0,0.5,0.1,0.0,0.0,169.0,,1.1,1.7,1.5,True,True,False,True,True
05/07/2026,2026-05-07T18:01:57,The Atrium,Busch,Lunch,CANNED BAMBOO SHOOTS,1 OZ,https://menuportal23.dining.rutgers.edu/FoodPronet/pickmenu.aspx?locationNum=13&locationName=The+Atrium&dtdate=05/07/2026&activeMeal=Lunch&sName=Rutgers+University+Dining,https://menuportal23.dining.rutgers.edu/FoodPronet/label.aspx?locationNum=13&locationName=The+Atrium&dtdate=05%2f07%2f2026&RecNumAndPort=130129*1,3.0,0.1,0.0,,0.0,0.0,,0.5,0.3,0.2,True,True,False,True,True
05/07/2026,2026-05-07T18:01:57,The Atrium,Busch,Lunch,CHICKEN LEMONGRASS BROTH,6 OZ,https://menuportal23.dining.rutgers.edu/FoodPronet/pickmenu.aspx?locationNum=13&locationName=The+Atrium&dtdate=05/07/2026&activeMeal=Lunch&sName=Rutgers+University+Dining,https://menuportal23.dining.rutgers.edu/FoodPronet/label.aspx?locationNum=13&locationName=The+Atrium&dtdate=05%2f07%2f2026&RecNumAndPort=111263*6,10.0,0.3,0.0,0.0,0.0,938.4,,0.1,0.0,1.2,False,False,False,True,False
05/07/2026,2026-05-07T18:01:57,The Atrium,Busch,Lunch,CHILI GARLIC CRUNCH,1 OZ,https://menuportal23.dining.rutgers.edu/FoodPronet/pickmenu.aspx?locationNum=13&locationName=The+Atrium&dtdate=05/07/2026&activeMeal=Lunch&sName=Rutgers+University+Dining,https://menuportal23.dining.rutgers.edu/FoodPronet/label.aspx?locationNum=13&locationName=The+Atrium&dtdate=05%2f07%2f2026&RecNumAndPort=195503*1,131.0,11.9,0.9,0.0,0.0,661.1,,0.3,0.7,2.1,True,True,False,True,False
05/07/2026,2026-05-07T18:01:57,The Atrium,Busch,Lunch,CHOPPED GINGER,1 OZ,https://menuportal23.dining.rutgers.edu/FoodPronet/pickmenu.aspx?locationNum=13&locationName=The+Atrium&dtdate=05/07/2026&activeMeal=Lunch&sName=Rutgers+University+Dining,https://menuportal23.dining.rutgers.edu/FoodPronet/label.aspx?locationNum=13&locationName=The+Atrium&dtdate=05%2f07%2f2026&RecNumAndPort=150119*1,23.0,0.2,0.1,0.0,0.0,3.7,,0.6,0.5,0.5,True,True,False,True,True
05/07/2026,2026-05-07T18:01:57,The Atrium,Busch,Lunch,GREEN PEAS,4 OZ,https://menuportal23.dining.rutgers.edu/FoodPronet/pickmenu.aspx?locationNum=13&locationName=The+Atrium&dtdate=05/07/2026&activeMeal=Lunch&sName=Rutgers+University+Dining,https://menuportal23.dining.rutgers.edu/FoodPronet/label.aspx?locationNum=13&locationName=The+Atrium&dtdate=05%2f07%2f2026&RecNumAndPort=130042*4,90.0,0.6,0.0,,0.0,133.9,,5.1,7.7,6.4,True,True,False,True,True
05/07/2026,2026-05-07T18:01:57,The Atrium,Busch,Lunch,VEGETABLE BROTH,6 OZ,https://menuportal23.dining.rutgers.edu/FoodPronet/pickmenu.aspx?locationNum=13&locationName=The+Atrium&dtdate=05/07/2026&activeMeal=Lunch&sName=Rutgers+University+Dining,https://menuportal23.dining.rutgers.edu/FoodPronet/label.aspx?locationNum=13&locationName=The+Atrium&dtdate=05%2f07%2f2026&RecNumAndPort=111264*6,36.0,0.8,0.2,0.0,0.0,359.5,,0.1,0.0,1.3,True,True,False,True,True
05/07/2026,2026-05-07T18:01:57,The Atrium,Busch,Lunch,7 GRAIN CRISPY VEGAN TENDERS,8 OZ,https://menuportal23.dining.rutgers.edu/FoodPronet/pickmenu.aspx?locationNum=13&locationName=The+Atrium&dtdate=05/07/2026&activeMeal=Lunch&sName=Rutgers+University+Dining,https://menuportal23.dining.rutgers.edu/FoodPronet/label.aspx?locationNum=13&locationName=The+Atrium&dtdate=05%2f07%2f2026&RecNumAndPort=143032*8,518.0,30.0,1.6,,0.0,926.1,,9.6,3.2,22.4,True,True,True,False,False
05/07/2026,2026-05-07T18:01:57,The Atrium,Busch,Lunch,BLACK BEAN BURGER,1 EACH,https://menuportal23.dining.rutgers.edu/FoodPronet/pickmenu.aspx?locationNum=13&locationName=The+Atrium&dtdate=05/07/2026&activeMeal=Lunch&sName=Rutgers+University+Dining,https://menuportal23.dining.rutgers.edu/FoodPronet/label.aspx?locationNum=13&locationName=The+Atrium&dtdate=05%2f07%2f2026&RecNumAndPort=019105*1,146.0,6.7,0.0,0.0,0.0,416.1,,3.5,0.0,6.2,True,True,False,True,True
05/07/2026,2026-05-07T18:01:57,The Atrium,Busch,Lunch,CRISPY CHICKEN,1 EACH,https://menuportal23.dining.rutgers.edu/FoodPronet/pickmenu.aspx?locationNum=13&locationName=The+Atrium&dtdate=05/07/2026&activeMeal=Lunch&sName=Rutgers+University+Dining,https://menuportal23.dining.rutgers.edu/FoodPronet/label.aspx?locationNum=13&locationName=The+Atrium&dtdate=05%2f07%2f2026&RecNumAndPort=019962*1,273.0,10.1,2.0,0.0,65.8,688.5,,1.0,0.0,26.3,False,False,True,True,False
05/07/2026,2026-05-07T18:01:57,The Atrium,Busch,Lunch,GRILLED HALAL CHICKEN,4 OZ,https://menuportal23.dining.rutgers.edu/FoodPronet/pickmenu.aspx?locationNum=13&locationName=The+Atrium&dtdate=05/07/2026&activeMeal=Lunch&sName=Rutgers+University+Dining,https://menuportal23.dining.rutgers.edu/FoodPronet/label.aspx?locationNum=13&locationName=The+Atrium&dtdate=05%2f07%2f2026&RecNumAndPort=111259*4,157.0,4.9,0.9,0.0,81.6,77.0,,0.6,0.0,26.3,False,False,True,True,True
05/07/2026,2026-05-07T18:01:57,The Atrium,Busch,Lunch,HALAL BURGER,1 EACH,https://menuportal23.dining.rutgers.edu/FoodPronet/pickmenu.aspx?locationNum=13&locationName=The+Atrium&dtdate=05/07/2026&activeMeal=Lunch&sName=Rutgers+University+Dining,https://menuportal23.dining.rutgers.edu/FoodPronet/label.aspx?locationNum=13&locationName=The+Atrium&dtdate=05%2f07%2f2026&RecNumAndPort=019958*1,146.0,8.3,3.3,0.0,35.5,396.9,,0.0,0.0,13.4,True,True,False,True,True
05/07/2026,2026-05-07T18:01:57,The Atrium,Busch,Lunch,HAMBURGER VEGAN BUN,1 EACH,https://menuportal23.dining.rutgers.edu/FoodPronet/pickmenu.aspx?locationNum=13&locationName=The+Atrium&dtdate=05/07/2026&activeMeal=Lunch&sName=Rutgers+University+Dining,https://menuportal23.dining.rutgers.edu/FoodPronet/label.aspx?locationNum=13&locationName=The+Atrium&dtdate=05%2f07%2f2026&RecNumAndPort=019961*1,127.0,1.1,0.0,0.0,0.0,222.4,,0.0,1.1,3.2,False,False,False,True,True
05/07/2026,2026-05-07T18:01:57,The Atrium,Busch,Lunch,KH CHICKEN WINGS,1 EACH,https://menuportal23.dining.rutgers.edu/FoodPronet/pickmenu.aspx?locationNum=13&locationName=The+Atrium&dtdate=05/07/2026&activeMeal=Lunch&sName=Rutgers+University+Dining,https://menuportal23.dining.rutgers.edu/FoodPronet/label.aspx?locationNum=13&locationName=The+Atrium&dtdate=05%2f07%2f2026&RecNumAndPort=111255*1,970.0,56.9,4.1,0.0,152.9,1077.2,,5.8,1.9,51.4,False,False,True,False,False
05/07/2026,2026-05-07T18:01:57,The Atrium,Busch,Lunch,KING'S HAWAIIAN PRETZEL ROLL,1 EACH,https://menuportal23.dining.rutgers.edu/FoodPronet/pickmenu.aspx?locationNum=13&locationName=The+Atrium&dtdate=05/07/2026&activeMeal=Lunch&sName=Rutgers+University+Dining,https://menuportal23.dining.rutgers.edu/FoodPronet/label.aspx?locationNum=13&locationName=The+Atrium&dtdate=05%2f07%2f2026&RecNumAndPort=019960*1,220.0,6.0,2.5,0.0,25.0,760.0,,0.5,12.0,7.0,True,True,False,True,False
05/07/2026,2026-05-07T18:01:57,The Atrium,Busch,Lunch,KINGS HAWAIIAN SANDWICH ROLL,1 EACH,https://menuportal23.dining.rutgers.edu/FoodPronet/pickmenu.aspx?locationNum=13&locationName=The+Atrium&dtdate=05/07/2026&activeMeal=Lunch&sName=Rutgers+University+Dining,https://menuportal23.dining.rutgers.edu/FoodPronet/label.aspx?locationNum=13&locationName=The+Atrium&dtdate=05%2f07%2f2026&RecNumAndPort=019959*1,164.0,4.1,2.5,0.0,24.8,205.2,,1.7,6.6,4.9,True,True,False,True,True
05/07/2026,2026-05-07T18:01:57,The Atrium,Busch,Lunch,KINGS HAWAIIAN SLIDER BUN,6 EACH,https://menuportal23.dining.rutgers.edu/FoodPronet/pickmenu.aspx?locationNum=13&locationName=The+Atrium&dtdate=05/07/2026&activeMeal=Lunch&sName=Rutgers+University+Dining,https://menuportal23.dining.rutgers.edu/FoodPronet/label.aspx?locationNum=13&locationName=The+Atrium&dtdate=05%2f07%2f2026&RecNumAndPort=163082*6,600.0,15.0,9.0,0.0,90.7,749.3,,6.0,24.0,18.0,True,True,False,False,False
05/07/2026,2026-05-07T18:01:57,The Atrium,Busch,Lunch,MULTIGRAIN SLICED BREAD,1 SLICE,https://menuportal23.dining.rutgers.edu/FoodPronet/pickmenu.aspx?locationNum=13&locationName=The+Atrium&dtdate=05/07/2026&activeMeal=Lunch&sName=Rutgers+University+Dining,https://menuportal23.dining.rutgers.edu/FoodPronet/label.aspx?locationNum=13&locationName=The+Atrium&dtdate=05%2f07%2f2026&RecNumAndPort=019964*1,297.0,8.7,0.0,0.0,0.0,453.6,,5.2,3.5,8.7,True,True,False,True,True
05/07/2026,2026-05-07T18:01:57,The Atrium,Busch,Lunch,SCARLET HOT CRISPY CHICKEN SANDWICH,1 EACH,https://menuportal23.dining.rutgers.edu/FoodPronet/pickmenu.aspx?locationNum=13&locationName=The+Atrium&dtdate=05/07/2026&activeMeal=Lunch&sName=Rutgers+University+Dining,https://menuportal23.dining.rutgers.edu/FoodPronet/label.aspx?locationNum=13&locationName=The+Atrium&dtdate=05%2f07%2f2026&RecNumAndPort=195515*1,773.0,20.4,4.1,0.0,131.6,2575.9,,5.2,2.5,61.5,False,False,True,False,False
05/07/2026,2026-05-07T18:01:57,The Atrium,Busch,Lunch,SCARLET HOT GRILLED CHICKEN SANDWICH,1 EACH,https://menuportal23.dining.rutgers.edu/FoodPronet/pickmenu.aspx?locationNum=13&locationName=The+Atrium&dtdate=05/07/2026&activeMeal=Lunch&sName=Rutgers+University+Dining,https://menuportal23.dining.rutgers.edu/FoodPronet/label.aspx?locationNum=13&locationName=The+Atrium&dtdate=05%2f07%2f2026&RecNumAndPort=195516*1,510.0,8.6,1.4,0.0,161.0,1448.5,,3.2,2.5,59.6,False,False,True,False,False
05/07/2026,2026-05-07T18:01:57,The Atrium,Busch,Lunch,SOURDOUGH BREAD,1 SLICE,https://menuportal23.dining.rutgers.edu/FoodPronet/pickmenu.aspx?locationNum=13&locationName=The+Atrium&dtdate=05/07/2026&activeMeal=Lunch&sName=Rutgers+University+Dining,https://menuportal23.dining.rutgers.edu/FoodPronet/label.aspx?locationNum=13&locationName=The+Atrium&dtdate=05%2f07%2f2026&RecNumAndPort=019963*1,223.0,0.8,0.0,0.0,0.0,541.1,,1.6,0.0,8.0,True,True,False,True,True
05/07/2026,2026-05-07T18:01:57,The Atrium,Busch,Lunch,ASIAN SESAME SLAW,2 OZ,https://menuportal23.dining.rutgers.edu/FoodPronet/pickmenu.aspx?locationNum=13&locationName=The+Atrium&dtdate=05/07/2026&activeMeal=Lunch&sName=Rutgers+University+Dining,https://menuportal23.dining.rutgers.edu/FoodPronet/label.aspx?locationNum=13&locationName=The+Atrium&dtdate=05%2f07%2f2026&RecNumAndPort=165202*2,75.0,6.4,0.9,0.0,0.0,232.7,,1.3,1.4,1.1,True,True,False,True,True
05/07/2026,2026-05-07T18:01:57,The Atrium,Busch,Lunch,FRANK'S BUFFALO SAUCE,2 OZ,https://menuportal23.dining.rutgers.edu/FoodPronet/pickmenu.aspx?locationNum=13&locationName=The+Atrium&dtdate=05/07/2026&activeMeal=Lunch&sName=Rutgers+University+Dining,https://menuportal23.dining.rutgers.edu/FoodPronet/label.aspx?locationNum=13&locationName=The+Atrium&dtdate=05%2f07%2f2026&RecNumAndPort=157245*2,0.0,0.0,0.0,0.0,0.0,1612.8,,0.0,0.0,0.0,True,True,False,True,False
05/07/2026,2026-05-07T18:01:57,The Atrium,Busch,Lunch,GARLIC PARMESAN SAUCE,2 OZ,https://menuportal23.dining.rutgers.edu/FoodPronet/pickmenu.aspx?locationNum=13&locationName=The+Atrium&dtdate=05/07/2026&activeMeal=Lunch&sName=Rutgers+University+Dining,https://menuportal23.dining.rutgers.edu/FoodPronet/label.aspx?locationNum=13&locationName=The+Atrium&dtdate=05%2f07%2f2026&RecNumAndPort=157124*2,154.0,15.4,1.9,0.0,0.0,844.8,,0.0,0.0,0.0,True,True,False,True,False
05/07/2026,2026-05-07T18:01:57,The Atrium,Busch,Lunch,GUACAMOLE,2 OZ,https://menuportal23.dining.rutgers.edu/FoodPronet/pickmenu.aspx?locationNum=13&locationName=The+Atrium&dtdate=05/07/2026&activeMeal=Lunch&sName=Rutgers+University+Dining,https://menuportal23.dining.rutgers.edu/FoodPronet/label.aspx?locationNum=13&locationName=The+Atrium&dtdate=05%2f07%2f2026&RecNumAndPort=601083*2,100.0,9.1,1.4,0.0,0.0,1.8,,2.7,0.0,0.9,True,True,False,True,True
05/07/2026,2026-05-07T18:01:57,The Atrium,Busch,Lunch,KILLER B'S HOT HONEY,1 OZ,https://menuportal23.dining.rutgers.edu/FoodPronet/pickmenu.aspx?locationNum=13&locationName=The+Atrium&dtdate=05/07/2026&activeMeal=Lunch&sName=Rutgers+University+Dining,https://menuportal23.dining.rutgers.edu/FoodPronet/label.aspx?locationNum=13&locationName=The+Atrium&dtdate=05%2f07%2f2026&RecNumAndPort=150216*1,93.0,0.0,0.0,0.0,0.0,1.3,,0.1,24.9,0.1,True,True,False,True,True
05/07/2026,2026-05-07T18:01:57,The Atrium,Busch,Lunch,PICO DE GALLO,2 OZ,https://menuportal23.dining.rutgers.edu/FoodPronet/pickmenu.aspx?locationNum=13&locationName=The+Atrium&dtdate=05/07/2026&activeMeal=Lunch&sName=Rutgers+University+Dining,https://menuportal23.dining.rutgers.edu/FoodPronet/label.aspx?locationNum=13&locationName=The+Atrium&dtdate=05%2f07%2f2026&RecNumAndPort=157111*2,28.0,2.2,0.3,0.0,0.0,449.0,,0.3,1.0,0.5,True,True,False,True,True
05/07/2026,2026-05-07T18:01:57,The Atrium,Busch,Lunch,SAUTEED MUSHROOMS,2 OZ,https://menuportal23.dining.rutgers.edu/FoodPronet/pickmenu.aspx?locationNum=13&locationName=The+Atrium&dtdate=05/07/2026&activeMeal=Lunch&sName=Rutgers+University+Dining,https://menuportal23.dining.rutgers.edu/FoodPronet/label.aspx?locationNum=13&locationName=The+Atrium&dtdate=05%2f07%2f2026&RecNumAndPort=130025*2,50.0,4.3,0.6,0.0,0.0,40.3,,0.7,1.3,2.1,True,True,False,True,True
05/07/2026,2026-05-07T18:01:57,The Atrium,Busch,Lunch,SAUTEED ONION & PEPPERS,3 OZ,https://menuportal23.dining.rutgers.edu/FoodPronet/pickmenu.aspx?locationNum=13&locationName=The+Atrium&dtdate=05/07/2026&activeMeal=Lunch&sName=Rutgers+University+Dining,https://menuportal23.dining.rutgers.edu/FoodPronet/label.aspx?locationNum=13&locationName=The+Atrium&dtdate=05%2f07%2f2026&RecNumAndPort=130240*3,78.0,4.2,0.6,0.0,0.0,4.8,,2.2,4.7,1.3,True,True,False,True,True
05/07/2026,2026-05-07T18:01:57,The Atrium,Busch,Lunch,SAUTEED SPANISH ONIONS,3 OZ,https://menuportal23.dining.rutgers.edu/FoodPronet/pickmenu.aspx?locationNum=13&locationName=The+Atrium&dtdate=05/07/2026&activeMeal=Lunch&sName=Rutgers+University+Dining,https://menuportal23.dining.rutgers.edu/FoodPronet/label.aspx?locationNum=13&locationName=The+Atrium&dtdate=05%2f07%2f2026&RecNumAndPort=130092*3,73.0,4.4,1.2,0.0,0.0,3.4,,1.5,3.7,0.9,True,True,False,True,True
05/07/2026,2026-05-07T18:01:57,The Atrium,Busch,Lunch,SHREDDED LETTUCE,2 OZ,https://menuportal23.dining.rutgers.edu/FoodPronet/pickmenu.aspx?locationNum=13&locationName=The+Atrium&dtdate=05/07/2026&activeMeal=Lunch&sName=Rutgers+University+Dining,https://menuportal23.dining.rutgers.edu/FoodPronet/label.aspx?locationNum=13&locationName=The+Atrium&dtdate=05%2f07%2f2026&RecNumAndPort=130218*2,8.0,0.1,0.0,0.0,0.0,5.7,,0.6,1.0,0.5,True,True,False,True,True
05/07/2026,2026-05-07T18:01:57,The Atrium,Busch,Lunch,SLICED PEPPERJACK CHEESE,1 OZ,https://menuportal23.dining.rutgers.edu/FoodPronet/pickmenu.aspx?locationNum=13&locationName=The+Atrium&dtdate=05/07/2026&activeMeal=Lunch&sName=Rutgers+University+Dining,https://menuportal23.dining.rutgers.edu/FoodPronet/label.aspx?locationNum=13&locationName=The+Atrium&dtdate=05%2f07%2f2026&RecNumAndPort=150147*1,106.0,8.6,5.4,,25.2,152.0,,0.0,0.1,6.9,True,False,False,True,True
05/07/2026,2026-05-07T18:01:57,The Atrium,Busch,Lunch,SLICED PROVOLONE CHEESE,1 OZ,https://menuportal23.dining.rutgers.edu/FoodPronet/pickmenu.aspx?locationNum=13&locationName=The+Atrium&dtdate=05/07/2026&activeMeal=Lunch&sName=Rutgers+University+Dining,https://menuportal23.dining.rutgers.edu/FoodPronet/label.aspx?locationNum=13&locationName=The+Atrium&dtdate=05%2f07%2f2026&RecNumAndPort=150183*1,100.0,7.5,4.8,,19.6,248.3,,0.0,0.2,7.3,True,False,False,True,True
05/07/2026,2026-05-07T18:01:57,The Atrium,Busch,Lunch,SLICED TOMATOES,3 SLICE,https://menuportal23.dining.rutgers.edu/FoodPronet/pickmenu.aspx?locationNum=13&locationName=The+Atrium&dtdate=05/07/2026&activeMeal=Lunch&sName=Rutgers+University+Dining,https://menuportal23.dining.rutgers.edu/FoodPronet/label.aspx?locationNum=13&locationName=The+Atrium&dtdate=05%2f07%2f2026&RecNumAndPort=130197*3,8.0,0.1,0.0,0.0,0.0,2.1,,0.5,1.1,0.4,True,True,False,True,True
05/07/2026,2026-05-07T18:01:57,The Atrium,Busch,Lunch,SWEET BABY RAY'S BARBECUE SAUCE,2 OZ,https://menuportal23.dining.rutgers.edu/FoodPronet/pickmenu.aspx?locationNum=13&locationName=The+Atrium&dtdate=05/07/2026&activeMeal=Lunch&sName=Rutgers+University+Dining,https://menuportal23.dining.rutgers.edu/FoodPronet/label.aspx?locationNum=13&locationName=The+Atrium&dtdate=05%2f07%2f2026&RecNumAndPort=157246*2,109.0,0.0,0.0,0.0,0.0,451.5,,0.0,24.9,0.0,True,True,False,True,True
05/07/2026,2026-05-07T18:01:57,The Atrium,Busch,Lunch,TERIYAKI SAUCE GLAZE,2 OZ,https://menuportal23.dining.rutgers.edu/FoodPronet/pickmenu.aspx?locationNum=13&locationName=The+Atrium&dtdate=05/07/2026&activeMeal=Lunch&sName=Rutgers+University+Dining,https://menuportal23.dining.rutgers.edu/FoodPronet/label.aspx?locationNum=13&locationName=The+Atrium&dtdate=05%2f07%2f2026&RecNumAndPort=157059*2,101.0,0.0,,,,1661.9,,,20.3,4.1,True,True,False,True,False
05/07/2026,2026-05-07T18:01:57,The Atrium,Busch,Lunch,VEGAN CHEESE SLICES,1 SLICE,https://menuportal23.dining.rutgers.edu/FoodPronet/pickmenu.aspx?locationNum=13&locationName=The+Atrium&dtdate=05/07/2026&activeMeal=Lunch&sName=Rutgers+University+Dining,https://menuportal23.dining.rutgers.edu/FoodPronet/label.aspx?locationNum=13&locationName=The+Atrium&dtdate=05%2f07%2f2026&RecNumAndPort=150206*1,57.0,4.3,3.8,0.0,0.0,170.1,,,,0.0,True,False,False,True,True
05/07/2026,2026-05-07T18:01:57,The Atrium,Busch,Lunch,YELLOW AMERICAN CHEESE,1 SLICE,https://menuportal23.dining.rutgers.edu/FoodPronet/pickmenu.aspx?locationNum=13&locationName=The+Atrium&dtdate=05/07/2026&activeMeal=Lunch&sName=Rutgers+University+Dining,https://menuportal23.dining.rutgers.edu/FoodPronet/label.aspx?locationNum=13&locationName=The+Atrium&dtdate=05%2f07%2f2026&RecNumAndPort=150172*1,69.0,6.0,5.2,,12.9,240.5,,0.0,0.0,4.3,True,False,False,True,True
05/07/2026,2026-05-07T18:01:57,The Atrium,Busch,Lunch,"6"" FLOUR TORTILLA",1 EACH,https://menuportal23.dining.rutgers.edu/FoodPronet/pickmenu.aspx?locationNum=13&locationName=The+Atrium&dtdate=05/07/2026&activeMeal=Lunch&sName=Rutgers+University+Dining,https://menuportal23.dining.rutgers.edu/FoodPronet/label.aspx?locationNum=13&locationName=The+Atrium&dtdate=05%2f07%2f2026&RecNumAndPort=150193*1,94.0,1.7,0.5,0.0,0.0,218.9,,0.7,0.3,2.7,True,True,False,True,True
05/07/2026,2026-05-07T18:01:57,The Atrium,Busch,Lunch,BAJA SHRIMP,5 OZ,https://menuportal23.dining.rutgers.edu/FoodPronet/pickmenu.aspx?locationNum=13&locationName=The+Atrium&dtdate=05/07/2026&activeMeal=Lunch&sName=Rutgers+University+Dining,https://menuportal23.dining.rutgers.edu/FoodPronet/label.aspx?locationNum=13&locationName=The+Atrium&dtdate=05%2f07%2f2026&RecNumAndPort=601319*5,134.0,2.5,0.4,0.0,172.4,177.8,,0.7,0.4,23.5,False,False,True,True,True
05/07/2026,2026-05-07T18:01:57,The Atrium,Busch,Lunch,BEEF TACO MEAT,4 OZ,https://menuportal23.dining.rutgers.edu/FoodPronet/pickmenu.aspx?locationNum=13&locationName=The+Atrium&dtdate=05/07/2026&activeMeal=Lunch&sName=Rutgers+University+Dining,https://menuportal23.dining.rutgers.edu/FoodPronet/label.aspx?locationNum=13&locationName=The+Atrium&dtdate=05%2f07%2f2026&RecNumAndPort=019802*4,188.0,12.6,5.0,0.0,49.9,159.8,,0.8,1.7,13.9,False,False,False,True,True
05/07/2026,2026-05-07T18:01:57,The Atrium,Busch,Lunch,CHICKEN TACO MEAT,3 OZ,https://menuportal23.dining.rutgers.edu/FoodPronet/pickmenu.aspx?locationNum=13&locationName=The+Atrium&dtdate=05/07/2026&activeMeal=Lunch&sName=Rutgers+University+Dining,https://menuportal23.dining.rutgers.edu/FoodPronet/label.aspx?locationNum=13&locationName=The+Atrium&dtdate=05%2f07%2f2026&RecNumAndPort=111266*3,119.0,5.1,1.2,0.0,56.7,227.2,,0.6,1.0,14.1,False,False,False,True,True
05/07/2026,2026-05-07T18:01:57,The Atrium,Busch,Lunch,TRI COLOR TORTILLA CHIP W/ TAJIN,3 OZ,https://menuportal23.dining.rutgers.edu/FoodPronet/pickmenu.aspx?locationNum=13&locationName=The+Atrium&dtdate=05/07/2026&activeMeal=Lunch&sName=Rutgers+University+Dining,https://menuportal23.dining.rutgers.edu/FoodPronet/label.aspx?locationNum=13&locationName=The+Atrium&dtdate=05%2f07%2f2026&RecNumAndPort=150093*3,214.0,9.4,1.3,0.4,0.0,157.2,,2.4,0.4,3.2,True,True,False,True,True
05/07/2026,2026-05-07T18:01:57,The Atrium,Busch,Lunch,VEGAN TACO CRUMBLES,3 OZ,https://menuportal23.dining.rutgers.edu/FoodPronet/pickmenu.aspx?locationNum=13&locationName=The+Atrium&dtdate=05/07/2026&activeMeal=Lunch&sName=Rutgers+University+Dining,https://menuportal23.dining.rutgers.edu/FoodPronet/label.aspx?locationNum=13&locationName=The+Atrium&dtdate=05%2f07%2f2026&RecNumAndPort=143276*3,156.0,6.2,0.4,0.0,0.0,332.9,,7.7,1.9,14.2,True,True,False,True,True
05/07/2026,2026-05-07T18:01:57,The Atrium,Busch,Lunch,AVOCADO MASH,2 OZ,https://menuportal23.dining.rutgers.edu/FoodPronet/pickmenu.aspx?locationNum=13&locationName=The+Atrium&dtdate=05/07/2026&activeMeal=Lunch&sName=Rutgers+University+Dining,https://menuportal23.dining.rutgers.edu/FoodPronet/label.aspx?locationNum=13&locationName=The+Atrium&dtdate=05%2f07%2f2026&RecNumAndPort=130039*2,125.0,11.3,1.7,0.0,0.0,0.0,,3.4,0.0,1.1,True,True,False,True,True
05/07/2026,2026-05-07T18:01:57,The Atrium,Busch,Lunch,CHIPOTLE SAUCE,1 OZ,https://menuportal23.dining.rutgers.edu/FoodPronet/pickmenu.aspx?locationNum=13&locationName=The+Atrium&dtdate=05/07/2026&activeMeal=Lunch&sName=Rutgers+University+Dining,https://menuportal23.dining.rutgers.edu/FoodPronet/label.aspx?locationNum=13&locationName=The+Atrium&dtdate=05%2f07%2f2026&RecNumAndPort=501044*1,56.0,5.1,3.0,0.2,13.6,143.3,,0.1,1.1,0.7,True,True,False,True,True
05/07/2026,2026-05-07T18:01:57,The Atrium,Busch,Lunch,CILANTRO CREMA,1 OZ,https://menuportal23.dining.rutgers.edu/FoodPronet/pickmenu.aspx?locationNum=13&locationName=The+Atrium&dtdate=05/07/2026&activeMeal=Lunch&sName=Rutgers+University+Dining,https://menuportal23.dining.rutgers.edu/FoodPronet/label.aspx?locationNum=13&locationName=The+Atrium&dtdate=05%2f07%2f2026&RecNumAndPort=601303*1,38.0,3.6,2.1,0.1,9.4,17.8,,0.3,0.7,0.6,True,True,False,True,True
05/07/2026,2026-05-07T18:01:57,The Atrium,Busch,Lunch,QUESO BLANCO SAUCE,2 OZL,https://menuportal23.dining.rutgers.edu/FoodPronet/pickmenu.aspx?locationNum=13&locationName=The+Atrium&dtdate=05/07/2026&activeMeal=Lunch&sName=Rutgers+University+Dining,https://menuportal23.dining.rutgers.edu/FoodPronet/label.aspx?locationNum=13&locationName=The+Atrium&dtdate=05%2f07%2f2026&RecNumAndPort=601306*2,173.0,12.4,7.4,0.1,36.5,604.2,,0.3,2.8,9.2,True,True,False,True,False
05/07/2026,2026-05-07T18:01:57,The Atrium,Busch,Lunch,SLICED JALAPENOS PEPPERS,2 OZ,https://menuportal23.dining.rutgers.edu/FoodPronet/pickmenu.aspx?locationNum=13&locationName=The+Atrium&dtdate=05/07/2026&activeMeal=Lunch&sName=Rutgers+University+Dining,https://menuportal23.dining.rutgers.edu/FoodPronet/label.aspx?locationNum=13&locationName=The+Atrium&dtdate=05%2f07%2f2026&RecNumAndPort=150024*2,22.0,0.3,0.0,,0.0,795.9,,0.9,,0.5,True,True,False,True,False
05/07/2026,2026-05-07T18:01:57,The Atrium,Busch,Lunch,SLICED SCALLIONS,1 OZ,https://menuportal23.dining.rutgers.edu/FoodPronet/pickmenu.aspx?locationNum=13&locationName=The+Atrium&dtdate=05/07/2026&activeMeal=Lunch&sName=Rutgers+University+Dining,https://menuportal23.dining.rutgers.edu/FoodPronet/label.aspx?locationNum=13&locationName=The+Atrium&dtdate=05%2f07%2f2026&RecNumAndPort=130050*1,9.0,0.1,0.0,0.0,0.0,4.5,,0.7,0.7,0.5,True,True,False,True,True
05/07/2026,2026-05-07T18:01:57,The Atrium,Busch,Lunch,BAKED MACARONI AND CHEESE,14 OZ,https://menuportal23.dining.rutgers.edu/FoodPronet/pickmenu.aspx?locationNum=13&locationName=The+Atrium&dtdate=05/07/2026&activeMeal=Lunch&sName=Rutgers+University+Dining,https://menuportal23.dining.rutgers.edu/FoodPronet/label.aspx?locationNum=13&locationName=The+Atrium&dtdate=05%2f07%2f2026&RecNumAndPort=140078*14,997.0,23.9,10.3,0.1,49.8,832.2,,10.8,9.3,38.0,True,False,True,False,False
05/07/2026,2026-05-07T18:01:57,The Atrium,Busch,Lunch,CALIFORNIA ROLL,2 ROLLS,https://menuportal23.dining.rutgers.edu/FoodPronet/pickmenu.aspx?locationNum=13&locationName=The+Atrium&dtdate=05/07/2026&activeMeal=Lunch&sName=Rutgers+University+Dining,https://menuportal23.dining.rutgers.edu/FoodPronet/label.aspx?locationNum=13&locationName=The+Atrium&dtdate=05%2f07%2f2026&RecNumAndPort=163054*2,193.0,3.5,0.5,0.0,6.2,830.1,,2.7,4.9,9.2,True,True,False,True,False
05/07/2026,2026-05-07T18:01:57,The Atrium,Busch,Lunch,MACARONI AND CHEESE W. CHICKEN TENDERS,20 OZ,https://menuportal23.dining.rutgers.edu/FoodPronet/pickmenu.aspx?locationNum=13&locationName=The+Atrium&dtdate=05/07/2026&activeMeal=Lunch&sName=Rutgers+University+Dining,https://menuportal23.dining.rutgers.edu/FoodPronet/label.aspx?locationNum=13&locationName=The+Atrium&dtdate=05%2f07%2f2026&RecNumAndPort=111258*20,1405.0,47.0,14.4,0.2,111.0,1728.6,,13.7,10.3,62.8,False,False,True,False,False
05/07/2026,2026-05-07T18:01:57,The Atrium,Busch,Lunch,MEZZE BOWL,15 OZ,https://menuportal23.dining.rutgers.edu/FoodPronet/pickmenu.aspx?locationNum=13&locationName=The+Atrium&dtdate=05/07/2026&activeMeal=Lunch&sName=Rutgers+University+Dining,https://menuportal23.dining.rutgers.edu/FoodPronet/label.aspx?locationNum=13&locationName=The+Atrium&dtdate=05%2f07%2f2026&RecNumAndPort=130422*15,590.0,40.2,4.0,0.0,0.8,1430.9,,11.7,6.6,11.0,True,True,False,False,False
05/07/2026,2026-05-07T18:01:57,The Atrium,Busch,Lunch,SALMON POKE BOWL,18 OZ,https://menuportal23.dining.rutgers.edu/FoodPronet/pickmenu.aspx?locationNum=13&locationName=The+Atrium&dtdate=05/07/2026&activeMeal=Lunch&sName=Rutgers+University+Dining,https://menuportal23.dining.rutgers.edu/FoodPronet/label.aspx?locationNum=13&locationName=The+Atrium&dtdate=05%2f07%2f2026&RecNumAndPort=170221*18,474.0,12.3,1.9,0.0,52.2,415.9,,7.1,17.1,29.5,False,False,True,False,True
05/07/2026,2026-05-07T18:01:57,The Atrium,Busch,Lunch,TOFU POKE BOWL,18 OZ,https://menuportal23.dining.rutgers.edu/FoodPronet/pickmenu.aspx?locationNum=13&locationName=The+Atrium&dtdate=05/07/2026&activeMeal=Lunch&sName=Rutgers+University+Dining,https://menuportal23.dining.rutgers.edu/FoodPronet/label.aspx?locationNum=13&locationName=The+Atrium&dtdate=05%2f07%2f2026&RecNumAndPort=170224*18,463.0,15.3,2.4,0.0,0.0,344.1,,7.1,17.1,18.2,True,True,False,False,True
05/07/2026,2026-05-07T18:01:57,The Atrium,Busch,Lunch,VEGETABLE SUSHI,2 ROLLS,https://menuportal23.dining.rutgers.edu/FoodPronet/pickmenu.aspx?locationNum=13&locationName=The+Atrium&dtdate=05/07/2026&activeMeal=Lunch&sName=Rutgers+University+Dining,https://menuportal23.dining.rutgers.edu/FoodPronet/label.aspx?locationNum=13&locationName=The+Atrium&dtdate=05%2f07%2f2026&RecNumAndPort=163049*2,848.0,2.3,0.0,0.0,0.0,868.7,,9.5,9.8,14.5,True,True,False,False,False
05/07/2026,2026-05-07T18:01:57,The Atrium,Busch,Dinner,BABY SPINACH,4 OZ,https://menuportal23.dining.rutgers.edu/FoodPronet/pickmenu.aspx?locationNum=13&locationName=The+Atrium&dtdate=05/07/2026&activeMeal=Dinner&sName=Rutgers+University+Dining,https://menuportal23.dining.rutgers.edu/FoodPronet/label.aspx?locationNum=13&locationName=The+Atrium&dtdate=05%2f07%2f2026&RecNumAndPort=130019*4,7.0,0.1,0.0,0.0,0.0,22.4,,0.6,0.1,0.8,True,True,False,True,True
05/07/2026,2026-05-07T18:01:57,The Atrium,Busch,Dinner,BROCCOLI FLORETS,4 OZ,https://menuportal23.dining.rutgers.edu/FoodPronet/pickmenu.aspx?locationNum=13&locationName=The+Atrium&dtdate=05/07/2026&activeMeal=Dinner&sName=Rutgers+University+Dining,https://menuportal23.dining.rutgers.edu/FoodPronet/label.aspx?locationNum=13&locationName=The+Atrium&dtdate=05%2f07%2f2026&RecNumAndPort=130034*4,39.0,0.4,0.0,0.0,0.0,148.3,,2.9,1.9,3.2,True,True,False,True,True
05/07/2026,2026-05-07T18:01:57,The Atrium,Busch,Dinner,BROCCOLI SALAD,3 OZ,https://menuportal23.dining.rutgers.edu/FoodPronet/pickmenu.aspx?locationNum=13&locationName=The+Atrium&dtdate=05/07/2026&activeMeal=Dinner&sName=Rutgers+University+Dining,https://menuportal23.dining.rutgers.edu/FoodPronet/label.aspx?locationNum=13&locationName=The+Atrium&dtdate=05%2f07%2f2026&RecNumAndPort=165016*3,48.0,0.5,0.1,0.0,0.0,62.6,,2.2,5.2,2.4,True,True,False,True,True
05/07/2026,2026-05-07T18:01:57,The Atrium,Busch,Dinner,CAULIFLOWER FLORETS,4 OZ,https://menuportal23.dining.rutgers.edu/FoodPronet/pickmenu.aspx?locationNum=13&locationName=The+Atrium&dtdate=05/07/2026&activeMeal=Dinner&sName=Rutgers+University+Dining,https://menuportal23.dining.rutgers.edu/FoodPronet/label.aspx?locationNum=13&locationName=The+Atrium&dtdate=05%2f07%2f2026&RecNumAndPort=130222*4,42.0,0.4,0.1,,0.0,50.4,,3.0,4.0,3.3,True,True,False,True,True
05/07/2026,2026-05-07T18:01:57,The Atrium,Busch,Dinner,CHERRY TOMATOES,4 EACH,https://menuportal23.dining.rutgers.edu/FoodPronet/pickmenu.aspx?locationNum=13&locationName=The+Atrium&dtdate=05/07/2026&activeMeal=Dinner&sName=Rutgers+University+Dining,https://menuportal23.dining.rutgers.edu/FoodPronet/label.aspx?locationNum=13&locationName=The+Atrium&dtdate=05%2f07%2f2026&RecNumAndPort=129500*4,14.0,0.2,0.0,,0.0,6.1,,0.7,1.9,0.6,True,True,False,True,True
05/07/2026,2026-05-07T18:01:57,The Atrium,Busch,Dinner,CHICKPEAS,1 OZ,https://menuportal23.dining.rutgers.edu/FoodPronet/pickmenu.aspx?locationNum=13&locationName=The+Atrium&dtdate=05/07/2026&activeMeal=Dinner&sName=Rutgers+University+Dining,https://menuportal23.dining.rutgers.edu/FoodPronet/label.aspx?locationNum=13&locationName=The+Atrium&dtdate=05%2f07%2f2026&RecNumAndPort=130462*1,25.0,0.3,0.0,,0.0,85.5,,1.1,0.1,1.4,True,True,False,True,True
05/07/2026,2026-05-07T18:01:57,The Atrium,Busch,Dinner,CHOPPED SWEET RED PEPPERS,1 OZ,https://menuportal23.dining.rutgers.edu/FoodPronet/pickmenu.aspx?locationNum=13&locationName=The+Atrium&dtdate=05/07/2026&activeMeal=Dinner&sName=Rutgers+University+Dining,https://menuportal23.dining.rutgers.edu/FoodPronet/label.aspx?locationNum=13&locationName=The+Atrium&dtdate=05%2f07%2f2026&RecNumAndPort=130237*1,11.0,0.1,0.0,0.0,0.0,1.4,,0.7,1.4,0.3,True,True,False,True,True
05/07/2026,2026-05-07T18:01:57,The Atrium,Busch,Dinner,CORN KERNELS,2 OZ,https://menuportal23.dining.rutgers.edu/FoodPronet/pickmenu.aspx?locationNum=13&locationName=The+Atrium&dtdate=05/07/2026&activeMeal=Dinner&sName=Rutgers+University+Dining,https://menuportal23.dining.rutgers.edu/FoodPronet/label.aspx?locationNum=13&locationName=The+Atrium&dtdate=05%2f07%2f2026&RecNumAndPort=129502*2,41.0,0.5,0.0,,0.0,163.3,,1.4,2.7,0.9,True,True,False,True,True
05/07/2026,2026-05-07T18:01:57,The Atrium,Busch,Dinner,CROUTONS,2 OZ,https://menuportal23.dining.rutgers.edu/FoodPronet/pickmenu.aspx?locationNum=13&locationName=The+Atrium&dtdate=05/07/2026&activeMeal=Dinner&sName=Rutgers+University+Dining,https://menuportal23.dining.rutgers.edu/FoodPronet/label.aspx?locationNum=13&locationName=The+Atrium&dtdate=05%2f07%2f2026&RecNumAndPort=150828*2,264.0,10.4,3.0,,4.0,617.5,,2.8,2.5,6.1,True,True,False,True,False
05/07/2026,2026-05-07T18:01:57,The Atrium,Busch,Dinner,CRUMBLED FETA CHEESE,1 OZ,https://menuportal23.dining.rutgers.edu/FoodPronet/pickmenu.aspx?locationNum=13&locationName=The+Atrium&dtdate=05/07/2026&activeMeal=Dinner&sName=Rutgers+University+Dining,https://menuportal23.dining.rutgers.edu/FoodPronet/label.aspx?locationNum=13&locationName=The+Atrium&dtdate=05%2f07%2f2026&RecNumAndPort=300837*1,75.0,6.0,4.2,,25.2,316.4,,0.0,1.2,4.0,True,False,False,True,True
05/07/2026,2026-05-07T18:01:57,The Atrium,Busch,Dinner,CUCUMBERS,1 OZ,https://menuportal23.dining.rutgers.edu/FoodPronet/pickmenu.aspx?locationNum=13&locationName=The+Atrium&dtdate=05/07/2026&activeMeal=Dinner&sName=Rutgers+University+Dining,https://menuportal23.dining.rutgers.edu/FoodPronet/label.aspx?locationNum=13&locationName=The+Atrium&dtdate=05%2f07%2f2026&RecNumAndPort=130080*1,3.0,0.0,0.0,,0.0,0.6,,0.2,0.4,0.2,True,True,False,True,True
05/07/2026,2026-05-07T18:01:57,The Atrium,Busch,Dinner,DICED TOFU,3 OZ,https://menuportal23.dining.rutgers.edu/FoodPronet/pickmenu.aspx?locationNum=13&locationName=The+Atrium&dtdate=05/07/2026&activeMeal=Dinner&sName=Rutgers+University+Dining,https://menuportal23.dining.rutgers.edu/FoodPronet/label.aspx?locationNum=13&locationName=The+Atrium&dtdate=05%2f07%2f2026&RecNumAndPort=143152*3,100.0,6.0,1.0,0.0,0.0,10.0,,0.0,0.0,9.0,True,True,False,True,True
05/07/2026,2026-05-07T18:01:57,The Atrium,Busch,Dinner,FARRO SALAD WITH CRAISINS,4 OZ,https://menuportal23.dining.rutgers.edu/FoodPronet/pickmenu.aspx?locationNum=13&locationName=The+Atrium&dtdate=05/07/2026&activeMeal=Dinner&sName=Rutgers+University+Dining,https://menuportal23.dining.rutgers.edu/FoodPronet/label.aspx?locationNum=13&locationName=The+Atrium&dtdate=05%2f07%2f2026&RecNumAndPort=165105*4,245.0,4.7,0.6,0.0,0.0,37.7,,5.2,28.3,3.3,True,True,False,True,True
05/07/2026,2026-05-07T18:01:57,The Atrium,Busch,Dinner,HARDBOILED EGGS,1 EACH,https://menuportal23.dining.rutgers.edu/FoodPronet/pickmenu.aspx?locationNum=13&locationName=The+Atrium&dtdate=05/07/2026&activeMeal=Dinner&sName=Rutgers+University+Dining,https://menuportal23.dining.rutgers.edu/FoodPronet/label.aspx?locationNum=13&locationName=The+Atrium&dtdate=05%2f07%2f2026&RecNumAndPort=500250*1,78.0,5.3,1.6,,186.5,62.0,,0.0,0.6,6.3,True,False,False,True,True
05/07/2026,2026-05-07T18:01:57,The Atrium,Busch,Dinner,KALE RIBBON SALAD W/ CRANBERRIES,3 OZ,https://menuportal23.dining.rutgers.edu/FoodPronet/pickmenu.aspx?locationNum=13&locationName=The+Atrium&dtdate=05/07/2026&activeMeal=Dinner&sName=Rutgers+University+Dining,https://menuportal23.dining.rutgers.edu/FoodPronet/label.aspx?locationNum=13&locationName=The+Atrium&dtdate=05%2f07%2f2026&RecNumAndPort=165207*3,245.0,16.3,2.3,0.0,0.0,175.7,,2.1,19.7,0.8,True,True,False,True,True
05/07/2026,2026-05-07T18:01:57,The Atrium,Busch,Dinner,QUINOA AND BUTTERNUT SALAD,3 OZ,https://menuportal23.dining.rutgers.edu/FoodPronet/pickmenu.aspx?locationNum=13&locationName=The+Atrium&dtdate=05/07/2026&activeMeal=Dinner&sName=Rutgers+University+Dining,https://menuportal23.dining.rutgers.edu/FoodPronet/label.aspx?locationNum=13&locationName=The+Atrium&dtdate=05%2f07%2f2026&RecNumAndPort=130153*3,65.0,1.2,0.5,0.0,2.9,53.2,,1.8,3.8,1.9,True,False,False,True,True
05/07/2026,2026-05-07T18:01:57,The Atrium,Busch,Dinner,RED ONION,2 OZ,https://menuportal23.dining.rutgers.edu/FoodPronet/pickmenu.aspx?locationNum=13&locationName=The+Atrium&dtdate=05/07/2026&activeMeal=Dinner&sName=Rutgers+University+Dining,https://menuportal23.dining.rutgers.edu/FoodPronet/label.aspx?locationNum=13&locationName=The+Atrium&dtdate=05%2f07%2f2026&RecNumAndPort=130154*2,22.0,0.1,0.0,,0.0,1.7,,1.0,3.5,0.7,True,True,False,True,True
05/07/2026,2026-05-07T18:01:57,The Atrium,Busch,Dinner,ROMAINE LETTUCE,4 OZ,https://menuportal23.dining.rutgers.edu/FoodPronet/pickmenu.aspx?locationNum=13&locationName=The+Atrium&dtdate=05/07/2026&activeMeal=Dinner&sName=Rutgers+University+Dining,https://menuportal23.dining.rutgers.edu/FoodPronet/label.aspx?locationNum=13&locationName=The+Atrium&dtdate=05%2f07%2f2026&RecNumAndPort=135045*4,19.0,0.3,0.0,0.0,0.0,9.1,,2.4,1.3,1.4,True,True,False,True,True
05/07/2026,2026-05-07T18:01:57,The Atrium,Busch,Dinner,SHREDDED CARROTS,1 OZ,https://menuportal23.dining.rutgers.edu/FoodPronet/pickmenu.aspx?locationNum=13&locationName=The+Atrium&dtdate=05/07/2026&activeMeal=Dinner&sName=Rutgers+University+Dining,https://menuportal23.dining.rutgers.edu/FoodPronet/label.aspx?locationNum=13&locationName=The+Atrium&dtdate=05%2f07%2f2026&RecNumAndPort=130078*1,12.0,0.1,0.0,0.0,0.0,19.6,,0.8,1.3,0.3,True,True,False,True,True
05/07/2026,2026-05-07T18:01:57,The Atrium,Busch,Dinner,SHREDDED CHEDDAR CHEESE,1 OZ,https://menuportal23.dining.rutgers.edu/FoodPronet/pickmenu.aspx?locationNum=13&locationName=The+Atrium&dtdate=05/07/2026&activeMeal=Dinner&sName=Rutgers+University+Dining,https://menuportal23.dining.rutgers.edu/FoodPronet/label.aspx?locationNum=13&locationName=The+Atrium&dtdate=05%2f07%2f2026&RecNumAndPort=157178*1,114.0,9.4,6.0,,29.8,176.1,,0.0,0.1,7.1,True,False,False,True,True
05/07/2026,2026-05-07T18:01:57,The Atrium,Busch,Dinner,SHREDDED MOZZARELLA CHEESE,2 OZ,https://menuportal23.dining.rutgers.edu/FoodPronet/pickmenu.aspx?locationNum=13&locationName=The+Atrium&dtdate=05/07/2026&activeMeal=Dinner&sName=Rutgers+University+Dining,https://menuportal23.dining.rutgers.edu/FoodPronet/label.aspx?locationNum=13&locationName=The+Atrium&dtdate=05%2f07%2f2026&RecNumAndPort=150009*2,182.0,14.2,8.1,0.0,40.5,405.0,,0.0,0.0,12.2,True,False,False,True,True
05/07/2026,2026-05-07T18:01:57,The Atrium,Busch,Dinner,SLICED BEETS,1 OZ,https://menuportal23.dining.rutgers.edu/FoodPronet/pickmenu.aspx?locationNum=13&locationName=The+Atrium&dtdate=05/07/2026&activeMeal=Dinner&sName=Rutgers+University+Dining,https://menuportal23.dining.rutgers.edu/FoodPronet/label.aspx?locationNum=13&locationName=The+Atrium&dtdate=05%2f07%2f2026&RecNumAndPort=130070*1,9.0,0.0,0.0,,0.0,77.7,,0.6,1.5,0.3,True,True,False,True,True
05/07/2026,2026-05-07T18:01:57,The Atrium,Busch,Dinner,SLICED MUSHROOMS,2 OZ,https://menuportal23.dining.rutgers.edu/FoodPronet/pickmenu.aspx?locationNum=13&locationName=The+Atrium&dtdate=05/07/2026&activeMeal=Dinner&sName=Rutgers+University+Dining,https://menuportal23.dining.rutgers.edu/FoodPronet/label.aspx?locationNum=13&locationName=The+Atrium&dtdate=05%2f07%2f2026&RecNumAndPort=130127*2,12.0,0.2,0.0,0.0,0.0,2.8,,0.6,1.1,1.8,True,True,False,True,True
05/07/2026,2026-05-07T18:01:57,The Atrium,Busch,Dinner,SPRING MIX GREENS,1/4 OZ,https://menuportal23.dining.rutgers.edu/FoodPronet/pickmenu.aspx?locationNum=13&locationName=The+Atrium&dtdate=05/07/2026&activeMeal=Dinner&sName=Rutgers+University+Dining,https://menuportal23.dining.rutgers.edu/FoodPronet/label.aspx?locationNum=13&locationName=The+Atrium&dtdate=05%2f07%2f2026&RecNumAndPort=580000*1%2f4,1.0,0.0,0.0,,0.0,1.2,,0.1,0.0,0.1,True,True,False,True,True
05/07/2026,2026-05-07T18:01:57,The Atrium,Busch,Dinner,TABOULEH PARSLEY SALAD,1 OZ,https://menuportal23.dining.rutgers.edu/FoodPronet/pickmenu.aspx?locationNum=13&locationName=The+Atrium&dtdate=05/07/2026&activeMeal=Dinner&sName=Rutgers+University+Dining,https://menuportal23.dining.rutgers.edu/FoodPronet/label.aspx?locationNum=13&locationName=The+Atrium&dtdate=05%2f07%2f2026&RecNumAndPort=143170*1,43.0,0.9,0.1,0.0,0.0,78.5,,1.9,0.5,1.4,True,True,False,True,True
05/07/2026,2026-05-07T18:01:57,The Atrium,Busch,Dinner,TOMATO WEDGES,3 EACH,https://menuportal23.dining.rutgers.edu/FoodPronet/pickmenu.aspx?locationNum=13&locationName=The+Atrium&dtdate=05/07/2026&activeMeal=Dinner&sName=Rutgers+University+Dining,https://menuportal23.dining.rutgers.edu/FoodPronet/label.aspx?locationNum=13&locationName=The+Atrium&dtdate=05%2f07%2f2026&RecNumAndPort=130081*3,18.0,0.2,0.0,,0.0,13.1,,0.4,2.2,1.1,True,True,False,True,True
05/07/2026,2026-05-07T18:01:57,The Atrium,Busch,Dinner,WHOLE BLACK PITTED OLIVES,4 EACH,https://menuportal23.dining.rutgers.edu/FoodPronet/pickmenu.aspx?locationNum=13&locationName=The+Atrium&dtdate=05/07/2026&activeMeal=Dinner&sName=Rutgers+University+Dining,https://menuportal23.dining.rutgers.edu/FoodPronet/label.aspx?locationNum=13&locationName=The+Atrium&dtdate=05%2f07%2f2026&RecNumAndPort=150096*4,17.0,1.6,0.2,0.0,0.0,110.3,,0.5,0.0,0.1,True,True,False,True,True
05/07/2026,2026-05-07T18:01:57,The Atrium,Busch,Dinner,CHICKEN NOODLE SOUP,6 OZL,https://menuportal23.dining.rutgers.edu/FoodPronet/pickmenu.aspx?locationNum=13&locationName=The+Atrium&dtdate=05/07/2026&activeMeal=Dinner&sName=Rutgers+University+Dining,https://menuportal23.dining.rutgers.edu/FoodPronet/label.aspx?locationNum=13&locationName=The+Atrium&dtdate=05%2f07%2f2026&RecNumAndPort=020011*6,76.0,2.5,0.7,0.0,26.5,390.8,,0.9,2.2,6.8,False,False,False,True,True
05/07/2026,2026-05-07T18:01:57,The Atrium,Busch,Dinner,CREAM OF TOMATO BASIL SOUP,6 OZ,https://menuportal23.dining.rutgers.edu/FoodPronet/pickmenu.aspx?locationNum=13&locationName=The+Atrium&dtdate=05/07/2026&activeMeal=Dinner&sName=Rutgers+University+Dining,https://menuportal23.dining.rutgers.edu/FoodPronet/label.aspx?locationNum=13&locationName=The+Atrium&dtdate=05%2f07%2f2026&RecNumAndPort=020126*6,330.0,28.6,17.6,0.8,96.0,65.3,,0.4,3.7,5.5,True,False,False,True,True
05/07/2026,2026-05-07T18:01:57,The Atrium,Busch,Dinner,BUFFALO CHICKEN PIZZA,1 SLICE,https://menuportal23.dining.rutgers.edu/FoodPronet/pickmenu.aspx?locationNum=13&locationName=The+Atrium&dtdate=05/07/2026&activeMeal=Dinner&sName=Rutgers+University+Dining,https://menuportal23.dining.rutgers.edu/FoodPronet/label.aspx?locationNum=13&locationName=The+Atrium&dtdate=05%2f07%2f2026&RecNumAndPort=130432*1,368.0,14.9,6.8,0.0,46.1,881.3,,0.5,2.3,21.7,False,False,True,True,False
05/07/2026,2026-05-07T18:01:57,The Atrium,Busch,Dinner,CHEESE PIZZA,1 SLICE,https://menuportal23.dining.rutgers.edu/FoodPronet/pickmenu.aspx?locationNum=13&locationName=The+Atrium&dtdate=05/07/2026&activeMeal=Dinner&sName=Rutgers+University+Dining,https://menuportal23.dining.rutgers.edu/FoodPronet/label.aspx?locationNum=13&locationName=The+Atrium&dtdate=05%2f07%2f2026&RecNumAndPort=130437*1,369.0,15.9,8.2,0.0,40.5,852.5,,0.4,2.1,19.7,True,False,False,True,False
05/07/2026,2026-05-07T18:01:57,The Atrium,Busch,Dinner,CHICKEN BACON RANCH PIZZA,1 SLICE,https://menuportal23.dining.rutgers.edu/FoodPronet/pickmenu.aspx?locationNum=13&locationName=The+Atrium&dtdate=05/07/2026&activeMeal=Dinner&sName=Rutgers+University+Dining,https://menuportal23.dining.rutgers.edu/FoodPronet/label.aspx?locationNum=13&locationName=The+Atrium&dtdate=05%2f07%2f2026&RecNumAndPort=130469*1,384.0,16.9,7.5,0.0,58.5,997.2,,0.4,2.2,21.3,False,False,True,True,False
05/07/2026,2026-05-07T18:01:57,The Atrium,Busch,Dinner,EGGPLANT PARMESAN FLATBREAD,1 HALF,https://menuportal23.dining.rutgers.edu/FoodPronet/pickmenu.aspx?locationNum=13&locationName=The+Atrium&dtdate=05/07/2026&activeMeal=Dinner&sName=Rutgers+University+Dining,https://menuportal23.dining.rutgers.edu/FoodPronet/label.aspx?locationNum=13&locationName=The+Atrium&dtdate=05%2f07%2f2026&RecNumAndPort=130443*1,666.0,31.6,13.6,0.0,63.1,965.6,,4.0,4.0,29.3,True,False,True,False,False
05/07/2026,2026-05-07T18:01:57,The Atrium,Busch,Dinner,GOCHUJANG CHICKEN FLATBREAD,1 HALF,https://menuportal23.dining.rutgers.edu/FoodPronet/pickmenu.aspx?locationNum=13&locationName=The+Atrium&dtdate=05/07/2026&activeMeal=Dinner&sName=Rutgers+University+Dining,https://menuportal23.dining.rutgers.edu/FoodPronet/label.aspx?locationNum=13&locationName=The+Atrium&dtdate=05%2f07%2f2026&RecNumAndPort=130476*1,802.0,44.4,15.8,0.0,103.1,1224.6,,2.9,16.3,32.6,False,False,True,False,False
05/07/2026,2026-05-07T18:01:57,The Atrium,Busch,Dinner,GYRO FLATBREAD,1 HALF,https://menuportal23.dining.rutgers.edu/FoodPronet/pickmenu.aspx?locationNum=13&locationName=The+Atrium&dtdate=05/07/2026&activeMeal=Dinner&sName=Rutgers+University+Dining,https://menuportal23.dining.rutgers.edu/FoodPronet/label.aspx?locationNum=13&locationName=The+Atrium&dtdate=05%2f07%2f2026&RecNumAndPort=130468*1,643.0,32.8,11.1,0.0,94.7,1231.3,,2.5,2.5,34.6,True,True,True,False,False
05/07/2026,2026-05-07T18:01:57,The Atrium,Busch,Dinner,MEAT LOVER'S PIZZA,1 SLICE,https://menuportal23.dining.rutgers.edu/FoodPronet/pickmenu.aspx?locationNum=13&locationName=The+Atrium&dtdate=05/07/2026&activeMeal=Dinner&sName=Rutgers+University+Dining,https://menuportal23.dining.rutgers.edu/FoodPronet/label.aspx?locationNum=13&locationName=The+Atrium&dtdate=05%2f07%2f2026&RecNumAndPort=130430*1,419.0,20.0,8.7,0.0,52.0,1127.6,,0.4,2.7,22.3,True,True,True,False,False
05/07/2026,2026-05-07T18:01:57,The Atrium,Busch,Dinner,PROSCIUTTO & FIG FLATBREAD,1 HALF,https://menuportal23.dining.rutgers.edu/FoodPronet/pickmenu.aspx?locationNum=13&locationName=The+Atrium&dtdate=05/07/2026&activeMeal=Dinner&sName=Rutgers+University+Dining,https://menuportal23.dining.rutgers.edu/FoodPronet/label.aspx?locationNum=13&locationName=The+Atrium&dtdate=05%2f07%2f2026&RecNumAndPort=130478*1,523.0,18.1,10.0,0.0,52.8,985.1,,1.9,12.1,27.4,True,True,True,False,False
05/07/2026,2026-05-07T18:01:57,The Atrium,Busch,Dinner,ROASTED MUSHROOM FLATBREAD,1 HALF,https://menuportal23.dining.rutgers.edu/FoodPronet/pickmenu.aspx?locationNum=13&locationName=The+Atrium&dtdate=05/07/2026&activeMeal=Dinner&sName=Rutgers+University+Dining,https://menuportal23.dining.rutgers.edu/FoodPronet/label.aspx?locationNum=13&locationName=The+Atrium&dtdate=05%2f07%2f2026&RecNumAndPort=130477*1,483.0,17.3,9.1,0.0,52.3,779.0,,3.5,9.2,22.8,True,True,True,False,False
05/07/2026,2026-05-07T18:01:57,The Atrium,Busch,Dinner,ROASTED VEGETABLE FLATBREAD,1 HALF,https://menuportal23.dining.rutgers.edu/FoodPronet/pickmenu.aspx?locationNum=13&locationName=The+Atrium&dtdate=05/07/2026&activeMeal=Dinner&sName=Rutgers+University+Dining,https://menuportal23.dining.rutgers.edu/FoodPronet/label.aspx?locationNum=13&locationName=The+Atrium&dtdate=05%2f07%2f2026&RecNumAndPort=130475*1,523.0,21.4,8.8,0.0,40.5,921.2,,4.3,6.9,22.9,True,True,True,False,False
05/07/2026,2026-05-07T18:01:57,The Atrium,Busch,Dinner,SPINACH & TOMATO PIZZA,1 SLICE,https://menuportal23.dining.rutgers.edu/FoodPronet/pickmenu.aspx?locationNum=13&locationName=The+Atrium&dtdate=05/07/2026&activeMeal=Dinner&sName=Rutgers+University+Dining,https://menuportal23.dining.rutgers.edu/FoodPronet/label.aspx?locationNum=13&locationName=The+Atrium&dtdate=05%2f07%2f2026&RecNumAndPort=130472*1,285.0,8.5,4.1,0.0,20.3,624.7,,0.8,1.6,14.7,True,True,False,True,False
05/07/2026,2026-05-07T18:01:57,The Atrium,Busch,Dinner,TURKEY PEPPERONI PIZZA,1 SLICE,https://menuportal23.dining.rutgers.edu/FoodPronet/pickmenu.aspx?locationNum=13&locationName=The+Atrium&dtdate=05/07/2026&activeMeal=Dinner&sName=Rutgers+University+Dining,https://menuportal23.dining.rutgers.edu/FoodPronet/label.aspx?locationNum=13&locationName=The+Atrium&dtdate=05%2f07%2f2026&RecNumAndPort=130471*1,399.0,17.5,8.8,0.0,53.2,1014.5,,0.4,2.7,22.7,False,False,True,True,False
05/07/2026,2026-05-07T18:01:57,The Atrium,Busch,Dinner,VEGAN PIZZA,1 SLICE,https://menuportal23.dining.rutgers.edu/FoodPronet/pickmenu.aspx?locationNum=13&locationName=The+Atrium&dtdate=05/07/2026&activeMeal=Dinner&sName=Rutgers+University+Dining,https://menuportal23.dining.rutgers.edu/FoodPronet/label.aspx?locationNum=13&locationName=The+Atrium&dtdate=05%2f07%2f2026&RecNumAndPort=143277*1,369.0,13.9,4.2,0.0,0.0,1014.5,,2.4,2.1,9.5,True,True,False,True,False
05/07/2026,2026-05-07T18:01:57,The Atrium,Busch,Dinner,VEGGIE LOVER'S PIZZA,1 SLICE,https://menuportal23.dining.rutgers.edu/FoodPronet/pickmenu.aspx?locationNum=13&locationName=The+Atrium&dtdate=05/07/2026&activeMeal=Dinner&sName=Rutgers+University+Dining,https://menuportal23.dining.rutgers.edu/FoodPronet/label.aspx?locationNum=13&locationName=The+Atrium&dtdate=05%2f07%2f2026&RecNumAndPort=130470*1,283.0,8.9,4.2,0.0,20.3,650.7,,0.7,2.7,13.9,True,False,False,True,False
05/07/2026,2026-05-07T18:01:57,The Atrium,Busch,Dinner,WHITE AND GREEN FLATBREAD,1 HALF,https://menuportal23.dining.rutgers.edu/FoodPronet/pickmenu.aspx?locationNum=13&locationName=The+Atrium&dtdate=05/07/2026&activeMeal=Dinner&sName=Rutgers+University+Dining,https://menuportal23.dining.rutgers.edu/FoodPronet/label.aspx?locationNum=13&locationName=The+Atrium&dtdate=05%2f07%2f2026&RecNumAndPort=130378*1,630.0,30.7,15.6,0.0,79.3,998.7,,3.9,0.9,34.6,True,True,True,False,False
05/07/2026,2026-05-07T18:01:57,The Atrium,Busch,Dinner,DICED TOMATOES,2 OZ,https://menuportal23.dining.rutgers.edu/FoodPronet/pickmenu.aspx?locationNum=13&locationName=The+Atrium&dtdate=05/07/2026&activeMeal=Dinner&sName=Rutgers+University+Dining,https://menuportal23.dining.rutgers.edu/FoodPronet/label.aspx?locationNum=13&locationName=The+Atrium&dtdate=05%2f07%2f2026&RecNumAndPort=130239*2,15.0,0.1,0.0,,0.0,10.9,,0.3,1.9,1.0,True,True,False,True,True
05/07/2026,2026-05-07T18:01:57,The Atrium,Busch,Dinner,PORK SAUSAGE CRUMBLES,2 OZ,https://menuportal23.dining.rutgers.edu/FoodPronet/pickmenu.aspx?locationNum=13&locationName=The+Atrium&dtdate=05/07/2026&activeMeal=Dinner&sName=Rutgers+University+Dining,https://menuportal23.dining.rutgers.edu/FoodPronet/label.aspx?locationNum=13&locationName=The+Atrium&dtdate=05%2f07%2f2026&RecNumAndPort=195009*2,190.0,17.0,5.2,,44.3,489.1,,0.0,1.5,7.0,False,False,False,True,True
05/07/2026,2026-05-07T18:01:57,The Atrium,Busch,Dinner,RIPE SLICED OLIVES,1 OZ,https://menuportal23.dining.rutgers.edu/FoodPronet/pickmenu.aspx?locationNum=13&locationName=The+Atrium&dtdate=05/07/2026&activeMeal=Dinner&sName=Rutgers+University+Dining,https://menuportal23.dining.rutgers.edu/FoodPronet/label.aspx?locationNum=13&locationName=The+Atrium&dtdate=05%2f07%2f2026&RecNumAndPort=150014*1,33.0,3.0,0.4,0.0,0.0,208.4,,0.9,0.0,0.2,True,True,False,True,True
05/07/2026,2026-05-07T18:01:57,The Atrium,Busch,Dinner,SLICED BACON,2 SLICE,https://menuportal23.dining.rutgers.edu/FoodPronet/pickmenu.aspx?locationNum=13&locationName=The+Atrium&dtdate=05/07/2026&activeMeal=Dinner&sName=Rutgers+University+Dining,https://menuportal23.dining.rutgers.edu/FoodPronet/label.aspx?locationNum=13&locationName=The+Atrium&dtdate=05%2f07%2f2026&RecNumAndPort=195037*2,159.0,13.6,4.5,0.0,79.4,1043.3,,0.0,0.0,9.1,False,False,False,True,False
05/07/2026,2026-05-07T18:01:57,The Atrium,Busch,Dinner,SLICED ONIONS,1 OZ,https://menuportal23.dining.rutgers.edu/FoodPronet/pickmenu.aspx?locationNum=13&locationName=The+Atrium&dtdate=05/07/2026&activeMeal=Dinner&sName=Rutgers+University+Dining,https://menuportal23.dining.rutgers.edu/FoodPronet/label.aspx?locationNum=13&locationName=The+Atrium&dtdate=05%2f07%2f2026&RecNumAndPort=130181*1,11.0,0.0,0.0,0.0,0.0,1.1,,0.5,1.2,0.3,True,True,False,True,True
05/07/2026,2026-05-07T18:01:57,The Atrium,Busch,Dinner,THIN SLICED GREEN BELL PEPPERS,2 OZ,https://menuportal23.dining.rutgers.edu/FoodPronet/pickmenu.aspx?locationNum=13&locationName=The+Atrium&dtdate=05/07/2026&activeMeal=Dinner&sName=Rutgers+University+Dining,https://menuportal23.dining.rutgers.edu/FoodPronet/label.aspx?locationNum=13&locationName=The+Atrium&dtdate=05%2f07%2f2026&RecNumAndPort=130027*2,1.0,0.0,0.0,0.0,0.0,0.1,,0.1,0.1,0.0,True,True,False,True,True
05/07/2026,2026-05-07T18:01:57,The Atrium,Busch,Dinner,TURKEY PEPPERONI SLICES,1 OZ,https://menuportal23.dining.rutgers.edu/FoodPronet/pickmenu.aspx?locationNum=13&locationName=The+Atrium&dtdate=05/07/2026&activeMeal=Dinner&sName=Rutgers+University+Dining,https://menuportal23.dining.rutgers.edu/FoodPronet/label.aspx?locationNum=13&locationName=The+Atrium&dtdate=05%2f07%2f2026&RecNumAndPort=019810*1,61.0,3.0,1.0,0.0,25.3,324.0,,0.0,1.0,6.1,False,False,False,True,True
05/07/2026,2026-05-07T18:01:57,The Atrium,Busch,Dinner,VEGAN CRUMBLES,4 OZ,https://menuportal23.dining.rutgers.edu/FoodPronet/pickmenu.aspx?locationNum=13&locationName=The+Atrium&dtdate=05/07/2026&activeMeal=Dinner&sName=Rutgers+University+Dining,https://menuportal23.dining.rutgers.edu/FoodPronet/label.aspx?locationNum=13&locationName=The+Atrium&dtdate=05%2f07%2f2026&RecNumAndPort=130460*4,136.0,1.7,0.0,0.0,0.0,351.5,,5.7,2.3,20.4,True,True,True,True,True
05/07/2026,2026-05-07T18:01:57,The Atrium,Busch,Dinner,CHICKEN SOUVLAKI,2 EACH,https://menuportal23.dining.rutgers.edu/FoodPronet/pickmenu.aspx?locationNum=13&locationName=The+Atrium&dtdate=05/07/2026&activeMeal=Dinner&sName=Rutgers+University+Dining,https://menuportal23.dining.rutgers.edu/FoodPronet/label.aspx?locationNum=13&locationName=The+Atrium&dtdate=05%2f07%2f2026&RecNumAndPort=111328*2,320.0,7.0,1.0,0.0,190.0,1140.0,,0.0,0.0,58.0,False,False,True,True,False
05/07/2026,2026-05-07T18:01:57,The Atrium,Busch,Dinner,FALAFEL MEZZE,12 OZ,https://menuportal23.dining.rutgers.edu/FoodPronet/pickmenu.aspx?locationNum=13&locationName=The+Atrium&dtdate=05/07/2026&activeMeal=Dinner&sName=Rutgers+University+Dining,https://menuportal23.dining.rutgers.edu/FoodPronet/label.aspx?locationNum=13&locationName=The+Atrium&dtdate=05%2f07%2f2026&RecNumAndPort=130427*12,734.0,22.7,4.7,0.0,12.1,1653.6,,25.0,16.8,29.1,True,True,True,False,False
05/07/2026,2026-05-07T18:01:57,The Atrium,Busch,Dinner,GRILLED CHICKEN BREAST,4 OZ,https://menuportal23.dining.rutgers.edu/FoodPronet/pickmenu.aspx?locationNum=13&locationName=The+Atrium&dtdate=05/07/2026&activeMeal=Dinner&sName=Rutgers+University+Dining,https://menuportal23.dining.rutgers.edu/FoodPronet/label.aspx?locationNum=13&locationName=The+Atrium&dtdate=05%2f07%2f2026&RecNumAndPort=800008*4,131.0,3.0,0.6,0.0,80.5,99.4,,0.0,0.0,25.3,False,False,True,True,True
05/07/2026,2026-05-07T18:01:57,The Atrium,Busch,Dinner,GRILLED SALMON,1 EACH,https://menuportal23.dining.rutgers.edu/FoodPronet/pickmenu.aspx?locationNum=13&locationName=The+Atrium&dtdate=05/07/2026&activeMeal=Dinner&sName=Rutgers+University+Dining,https://menuportal23.dining.rutgers.edu/FoodPronet/label.aspx?locationNum=13&locationName=The+Atrium&dtdate=05%2f07%2f2026&RecNumAndPort=170071*1,178.0,8.2,1.4,0.0,52.2,528.9,,0.2,0.0,23.5,False,False,True,True,True
05/07/2026,2026-05-07T18:01:57,The Atrium,Busch,Dinner,SPANAKOPITA MEZZE,1 EACH,https://menuportal23.dining.rutgers.edu/FoodPronet/pickmenu.aspx?locationNum=13&locationName=The+Atrium&dtdate=05/07/2026&activeMeal=Dinner&sName=Rutgers+University+Dining,https://menuportal23.dining.rutgers.edu/FoodPronet/label.aspx?locationNum=13&locationName=The+Atrium&dtdate=05%2f07%2f2026&RecNumAndPort=130428*1,571.0,19.6,6.2,0.0,7.4,1293.7,,9.1,11.3,16.3,True,True,False,False,False
05/07/2026,2026-05-07T18:01:57,The Atrium,Busch,Dinner,BAKED BROWN RICE,4 OZ,https://menuportal23.dining.rutgers.edu/FoodPronet/pickmenu.aspx?locationNum=13&locationName=The+Atrium&dtdate=05/07/2026&activeMeal=Dinner&sName=Rutgers+University+Dining,https://menuportal23.dining.rutgers.edu/FoodPronet/label.aspx?locationNum=13&locationName=The+Atrium&dtdate=05%2f07%2f2026&RecNumAndPort=163001*4,201.0,1.6,0.3,0.0,0.0,119.0,,1.9,0.5,4.3,True,True,False,True,True
05/07/2026,2026-05-07T18:01:57,The Atrium,Busch,Dinner,FARRO,5 OZ,https://menuportal23.dining.rutgers.edu/FoodPronet/pickmenu.aspx?locationNum=13&locationName=The+Atrium&dtdate=05/07/2026&activeMeal=Dinner&sName=Rutgers+University+Dining,https://menuportal23.dining.rutgers.edu/FoodPronet/label.aspx?locationNum=13&locationName=The+Atrium&dtdate=05%2f07%2f2026&RecNumAndPort=165260*5,130.0,1.5,0.0,0.0,0.0,139.9,,3.0,2.0,5.0,True,True,False,True,True
05/07/2026,2026-05-07T18:01:57,The Atrium,Busch,Dinner,STEAMED WHITE RICE,4 OZ,https://menuportal23.dining.rutgers.edu/FoodPronet/pickmenu.aspx?locationNum=13&locationName=The+Atrium&dtdate=05/07/2026&activeMeal=Dinner&sName=Rutgers+University+Dining,https://menuportal23.dining.rutgers.edu/FoodPronet/label.aspx?locationNum=13&locationName=The+Atrium&dtdate=05%2f07%2f2026&RecNumAndPort=163017*4,196.0,0.3,0.1,0.0,0.0,115.8,,0.8,0.3,3.6,True,True,False,True,True
05/07/2026,2026-05-07T18:01:57,The Atrium,Busch,Dinner,FAJITA VEGETABLE,1 EACH,https://menuportal23.dining.rutgers.edu/FoodPronet/pickmenu.aspx?locationNum=13&locationName=The+Atrium&dtdate=05/07/2026&activeMeal=Dinner&sName=Rutgers+University+Dining,https://menuportal23.dining.rutgers.edu/FoodPronet/label.aspx?locationNum=13&locationName=The+Atrium&dtdate=05%2f07%2f2026&RecNumAndPort=130448*1,56.0,0.3,0.1,0.0,0.0,5.7,,2.6,4.7,1.8,True,True,False,True,True
05/07/2026,2026-05-07T18:01:57,The Atrium,Busch,Dinner,FRESHLY MADE HUMMUS,3 OZ.,https://menuportal23.dining.rutgers.edu/FoodPronet/pickmenu.aspx?locationNum=13&locationName=The+Atrium&dtdate=05/07/2026&activeMeal=Dinner&sName=Rutgers+University+Dining,https://menuportal23.dining.rutgers.edu/FoodPronet/label.aspx?locationNum=13&locationName=The+Atrium&dtdate=05%2f07%2f2026&RecNumAndPort=143101*3,95.0,3.0,0.3,0.0,0.0,272.3,,2.7,0.4,3.7,True,True,False,True,True
05/07/2026,2026-05-07T18:01:57,The Atrium,Busch,Dinner,GRILLED VEGETABLES,1 EACH,https://menuportal23.dining.rutgers.edu/FoodPronet/pickmenu.aspx?locationNum=13&locationName=The+Atrium&dtdate=05/07/2026&activeMeal=Dinner&sName=Rutgers+University+Dining,https://menuportal23.dining.rutgers.edu/FoodPronet/label.aspx?locationNum=13&locationName=The+Atrium&dtdate=05%2f07%2f2026&RecNumAndPort=130449*1,57.0,1.6,0.2,0.0,0.0,86.8,,3.1,4.4,3.5,True,True,False,True,True
05/07/2026,2026-05-07T18:01:57,The Atrium,Busch,Dinner,HORIATIKI GREEK SALAD,3 OZ,https://menuportal23.dining.rutgers.edu/FoodPronet/pickmenu.aspx?locationNum=13&locationName=The+Atrium&dtdate=05/07/2026&activeMeal=Dinner&sName=Rutgers+University+Dining,https://menuportal23.dining.rutgers.edu/FoodPronet/label.aspx?locationNum=13&locationName=The+Atrium&dtdate=05%2f07%2f2026&RecNumAndPort=165203*3,75.0,5.1,2.3,0.0,12.1,447.7,,1.1,2.3,2.7,True,True,False,True,True
05/07/2026,2026-05-07T18:01:57,The Atrium,Busch,Dinner,MEDITERRANEAN LENTIL SALAD,2 OZ,https://menuportal23.dining.rutgers.edu/FoodPronet/pickmenu.aspx?locationNum=13&locationName=The+Atrium&dtdate=05/07/2026&activeMeal=Dinner&sName=Rutgers+University+Dining,https://menuportal23.dining.rutgers.edu/FoodPronet/label.aspx?locationNum=13&locationName=The+Atrium&dtdate=05%2f07%2f2026&RecNumAndPort=019947*2,31.0,1.3,0.2,0.0,0.0,77.2,,0.6,0.4,1.4,True,True,False,True,True
05/07/2026,2026-05-07T18:01:57,The Atrium,Busch,Dinner,SEASONED WAFFLE FRIES,4 OZ,https://menuportal23.dining.rutgers.edu/FoodPronet/pickmenu.aspx?locationNum=13&locationName=The+Atrium&dtdate=05/07/2026&activeMeal=Dinner&sName=Rutgers+University+Dining,https://menuportal23.dining.rutgers.edu/FoodPronet/label.aspx?locationNum=13&locationName=The+Atrium&dtdate=05%2f07%2f2026&RecNumAndPort=161029*4,291.0,20.0,2.1,0.0,0.0,448.5,,2.6,0.0,2.6,True,True,False,True,True
05/07/2026,2026-05-07T18:01:57,The Atrium,Busch,Dinner,STUFFED GRAPE LEAVES,2 EACH,https://menuportal23.dining.rutgers.edu/FoodPronet/pickmenu.aspx?locationNum=13&locationName=The+Atrium&dtdate=05/07/2026&activeMeal=Dinner&sName=Rutgers+University+Dining,https://menuportal23.dining.rutgers.edu/FoodPronet/label.aspx?locationNum=13&locationName=The+Atrium&dtdate=05%2f07%2f2026&RecNumAndPort=143233*2,146.0,6.2,0.9,0.0,0.0,696.8,,3.5,4.4,2.6,True,True,False,True,False
05/07/2026,2026-05-07T18:01:57,The Atrium,Busch,Dinner,TZATZIKI SAUCE ( GYRO SAUCE),3 OZL,https://menuportal23.dining.rutgers.edu/FoodPronet/pickmenu.aspx?locationNum=13&locationName=The+Atrium&dtdate=05/07/2026&activeMeal=Dinner&sName=Rutgers+University+Dining,https://menuportal23.dining.rutgers.edu/FoodPronet/label.aspx?locationNum=13&locationName=The+Atrium&dtdate=05%2f07%2f2026&RecNumAndPort=157204*3,65.0,4.6,2.2,0.1,10.2,355.7,,0.2,3.2,2.3,True,True,False,True,True
05/07/2026,2026-05-07T18:01:57,The Atrium,Busch,Dinner,GENERAL TSO CHICKEN,6 OZ,https://menuportal23.dining.rutgers.edu/FoodPronet/pickmenu.aspx?locationNum=13&locationName=The+Atrium&dtdate=05/07/2026&activeMeal=Dinner&sName=Rutgers+University+Dining,https://menuportal23.dining.rutgers.edu/FoodPronet/label.aspx?locationNum=13&locationName=The+Atrium&dtdate=05%2f07%2f2026&RecNumAndPort=111325*6,316.0,16.4,2.5,0.0,42.2,761.4,,0.5,18.7,16.4,False,False,False,True,False
05/07/2026,2026-05-07T18:01:57,The Atrium,Busch,Dinner,JASMINE RICE,4 OZ,https://menuportal23.dining.rutgers.edu/FoodPronet/pickmenu.aspx?locationNum=13&locationName=The+Atrium&dtdate=05/07/2026&activeMeal=Dinner&sName=Rutgers+University+Dining,https://menuportal23.dining.rutgers.edu/FoodPronet/label.aspx?locationNum=13&locationName=The+Atrium&dtdate=05%2f07%2f2026&RecNumAndPort=163022*4,210.0,0.0,0.0,0.0,0.0,446.2,,1.3,0.0,3.9,True,True,False,True,True
05/07/2026,2026-05-07T18:01:57,The Atrium,Busch,Dinner,PEPPER STEAK,6 OZ,https://menuportal23.dining.rutgers.edu/FoodPronet/pickmenu.aspx?locationNum=13&locationName=The+Atrium&dtdate=05/07/2026&activeMeal=Dinner&sName=Rutgers+University+Dining,https://menuportal23.dining.rutgers.edu/FoodPronet/label.aspx?locationNum=13&locationName=The+Atrium&dtdate=05%2f07%2f2026&RecNumAndPort=019902*6,205.0,5.3,1.9,0.0,65.3,903.7,,1.3,4.3,28.2,True,True,True,True,False
05/07/2026,2026-05-07T18:01:57,The Atrium,Busch,Dinner,SPRING EGG ROLL,1 EACH,https://menuportal23.dining.rutgers.edu/FoodPronet/pickmenu.aspx?locationNum=13&locationName=The+Atrium&dtdate=05/07/2026&activeMeal=Dinner&sName=Rutgers+University+Dining,https://menuportal23.dining.rutgers.edu/FoodPronet/label.aspx?locationNum=13&locationName=The+Atrium&dtdate=05%2f07%2f2026&RecNumAndPort=150046*1,163.0,8.8,0.6,0.0,0.0,419.0,,1.2,3.6,2.4,True,False,False,True,True
05/07/2026,2026-05-07T18:01:57,The Atrium,Busch,Dinner,VEGAN SZECHUAN BEAN CURD,6 OZ,https://menuportal23.dining.rutgers.edu/FoodPronet/pickmenu.aspx?locationNum=13&locationName=The+Atrium&dtdate=05/07/2026&activeMeal=Dinner&sName=Rutgers+University+Dining,https://menuportal23.dining.rutgers.edu/FoodPronet/label.aspx?locationNum=13&locationName=The+Atrium&dtdate=05%2f07%2f2026&RecNumAndPort=195517*6,186.0,8.7,1.4,0.0,0.0,626.2,,1.7,2.3,18.1,True,True,False,True,False
05/07/2026,2026-05-07T18:01:57,The Atrium,Busch,Dinner,BABY CORN,2 OZ,https://menuportal23.dining.rutgers.edu/FoodPronet/pickmenu.aspx?locationNum=13&locationName=The+Atrium&dtdate=05/07/2026&activeMeal=Dinner&sName=Rutgers+University+Dining,https://menuportal23.dining.rutgers.edu/FoodPronet/label.aspx?locationNum=13&locationName=The+Atrium&dtdate=05%2f07%2f2026&RecNumAndPort=130130*2,46.0,0.5,0.1,0.0,0.0,169.0,,1.1,1.7,1.5,True,True,False,True,True
05/07/2026,2026-05-07T18:01:57,The Atrium,Busch,Dinner,CANNED BAMBOO SHOOTS,1 OZ,https://menuportal23.dining.rutgers.edu/FoodPronet/pickmenu.aspx?locationNum=13&locationName=The+Atrium&dtdate=05/07/2026&activeMeal=Dinner&sName=Rutgers+University+Dining,https://menuportal23.dining.rutgers.edu/FoodPronet/label.aspx?locationNum=13&locationName=The+Atrium&dtdate=05%2f07%2f2026&RecNumAndPort=130129*1,3.0,0.1,0.0,,0.0,0.0,,0.5,0.3,0.2,True,True,False,True,True
05/07/2026,2026-05-07T18:01:57,The Atrium,Busch,Dinner,CHICKEN LEMONGRASS BROTH,6 OZ,https://menuportal23.dining.rutgers.edu/FoodPronet/pickmenu.aspx?locationNum=13&locationName=The+Atrium&dtdate=05/07/2026&activeMeal=Dinner&sName=Rutgers+University+Dining,https://menuportal23.dining.rutgers.edu/FoodPronet/label.aspx?locationNum=13&locationName=The+Atrium&dtdate=05%2f07%2f2026&RecNumAndPort=111263*6,10.0,0.3,0.0,0.0,0.0,938.4,,0.1,0.0,1.2,False,False,False,True,False
05/07/2026,2026-05-07T18:01:57,The Atrium,Busch,Dinner,CHILI GARLIC CRUNCH,1 OZ,https://menuportal23.dining.rutgers.edu/FoodPronet/pickmenu.aspx?locationNum=13&locationName=The+Atrium&dtdate=05/07/2026&activeMeal=Dinner&sName=Rutgers+University+Dining,https://menuportal23.dining.rutgers.edu/FoodPronet/label.aspx?locationNum=13&locationName=The+Atrium&dtdate=05%2f07%2f2026&RecNumAndPort=195503*1,131.0,11.9,0.9,0.0,0.0,661.1,,0.3,0.7,2.1,True,True,False,True,False
05/07/2026,2026-05-07T18:01:57,The Atrium,Busch,Dinner,CHOPPED GINGER,1 OZ,https://menuportal23.dining.rutgers.edu/FoodPronet/pickmenu.aspx?locationNum=13&locationName=The+Atrium&dtdate=05/07/2026&activeMeal=Dinner&sName=Rutgers+University+Dining,https://menuportal23.dining.rutgers.edu/FoodPronet/label.aspx?locationNum=13&locationName=The+Atrium&dtdate=05%2f07%2f2026&RecNumAndPort=150119*1,23.0,0.2,0.1,0.0,0.0,3.7,,0.6,0.5,0.5,True,True,False,True,True
05/07/2026,2026-05-07T18:01:57,The Atrium,Busch,Dinner,GREEN PEAS,4 OZ,https://menuportal23.dining.rutgers.edu/FoodPronet/pickmenu.aspx?locationNum=13&locationName=The+Atrium&dtdate=05/07/2026&activeMeal=Dinner&sName=Rutgers+University+Dining,https://menuportal23.dining.rutgers.edu/FoodPronet/label.aspx?locationNum=13&locationName=The+Atrium&dtdate=05%2f07%2f2026&RecNumAndPort=130042*4,90.0,0.6,0.0,,0.0,133.9,,5.1,7.7,6.4,True,True,False,True,True
05/07/2026,2026-05-07T18:01:57,The Atrium,Busch,Dinner,VEGETABLE BROTH,6 OZ,https://menuportal23.dining.rutgers.edu/FoodPronet/pickmenu.aspx?locationNum=13&locationName=The+Atrium&dtdate=05/07/2026&activeMeal=Dinner&sName=Rutgers+University+Dining,https://menuportal23.dining.rutgers.edu/FoodPronet/label.aspx?locationNum=13&locationName=The+Atrium&dtdate=05%2f07%2f2026&RecNumAndPort=111264*6,36.0,0.8,0.2,0.0,0.0,359.5,,0.1,0.0,1.3,True,True,False,True,True
05/07/2026,2026-05-07T18:01:57,The Atrium,Busch,Dinner,7 GRAIN CRISPY VEGAN TENDERS,8 OZ,https://menuportal23.dining.rutgers.edu/FoodPronet/pickmenu.aspx?locationNum=13&locationName=The+Atrium&dtdate=05/07/2026&activeMeal=Dinner&sName=Rutgers+University+Dining,https://menuportal23.dining.rutgers.edu/FoodPronet/label.aspx?locationNum=13&locationName=The+Atrium&dtdate=05%2f07%2f2026&RecNumAndPort=143032*8,518.0,30.0,1.6,,0.0,926.1,,9.6,3.2,22.4,True,True,True,False,False
05/07/2026,2026-05-07T18:01:57,The Atrium,Busch,Dinner,BLACK BEAN BURGER,1 EACH,https://menuportal23.dining.rutgers.edu/FoodPronet/pickmenu.aspx?locationNum=13&locationName=The+Atrium&dtdate=05/07/2026&activeMeal=Dinner&sName=Rutgers+University+Dining,https://menuportal23.dining.rutgers.edu/FoodPronet/label.aspx?locationNum=13&locationName=The+Atrium&dtdate=05%2f07%2f2026&RecNumAndPort=019105*1,146.0,6.7,0.0,0.0,0.0,416.1,,3.5,0.0,6.2,True,True,False,True,True
05/07/2026,2026-05-07T18:01:57,The Atrium,Busch,Dinner,CRISPY CHICKEN,1 EACH,https://menuportal23.dining.rutgers.edu/FoodPronet/pickmenu.aspx?locationNum=13&locationName=The+Atrium&dtdate=05/07/2026&activeMeal=Dinner&sName=Rutgers+University+Dining,https://menuportal23.dining.rutgers.edu/FoodPronet/label.aspx?locationNum=13&locationName=The+Atrium&dtdate=05%2f07%2f2026&RecNumAndPort=019962*1,273.0,10.1,2.0,0.0,65.8,688.5,,1.0,0.0,26.3,False,False,True,True,False
05/07/2026,2026-05-07T18:01:57,The Atrium,Busch,Dinner,GRILLED HALAL CHICKEN,4 OZ,https://menuportal23.dining.rutgers.edu/FoodPronet/pickmenu.aspx?locationNum=13&locationName=The+Atrium&dtdate=05/07/2026&activeMeal=Dinner&sName=Rutgers+University+Dining,https://menuportal23.dining.rutgers.edu/FoodPronet/label.aspx?locationNum=13&locationName=The+Atrium&dtdate=05%2f07%2f2026&RecNumAndPort=111259*4,157.0,4.9,0.9,0.0,81.6,77.0,,0.6,0.0,26.3,False,False,True,True,True
05/07/2026,2026-05-07T18:01:57,The Atrium,Busch,Dinner,HALAL BURGER,1 EACH,https://menuportal23.dining.rutgers.edu/FoodPronet/pickmenu.aspx?locationNum=13&locationName=The+Atrium&dtdate=05/07/2026&activeMeal=Dinner&sName=Rutgers+University+Dining,https://menuportal23.dining.rutgers.edu/FoodPronet/label.aspx?locationNum=13&locationName=The+Atrium&dtdate=05%2f07%2f2026&RecNumAndPort=019958*1,146.0,8.3,3.3,0.0,35.5,396.9,,0.0,0.0,13.4,True,True,False,True,True
05/07/2026,2026-05-07T18:01:57,The Atrium,Busch,Dinner,HAMBURGER VEGAN BUN,1 EACH,https://menuportal23.dining.rutgers.edu/FoodPronet/pickmenu.aspx?locationNum=13&locationName=The+Atrium&dtdate=05/07/2026&activeMeal=Dinner&sName=Rutgers+University+Dining,https://menuportal23.dining.rutgers.edu/FoodPronet/label.aspx?locationNum=13&locationName=The+Atrium&dtdate=05%2f07%2f2026&RecNumAndPort=019961*1,127.0,1.1,0.0,0.0,0.0,222.4,,0.0,1.1,3.2,False,False,False,True,True
05/07/2026,2026-05-07T18:01:57,The Atrium,Busch,Dinner,KH CHICKEN WINGS,1 EACH,https://menuportal23.dining.rutgers.edu/FoodPronet/pickmenu.aspx?locationNum=13&locationName=The+Atrium&dtdate=05/07/2026&activeMeal=Dinner&sName=Rutgers+University+Dining,https://menuportal23.dining.rutgers.edu/FoodPronet/label.aspx?locationNum=13&locationName=The+Atrium&dtdate=05%2f07%2f2026&RecNumAndPort=111255*1,970.0,56.9,4.1,0.0,152.9,1077.2,,5.8,1.9,51.4,False,False,True,False,False
05/07/2026,2026-05-07T18:01:57,The Atrium,Busch,Dinner,KING'S HAWAIIAN PRETZEL ROLL,1 EACH,https://menuportal23.dining.rutgers.edu/FoodPronet/pickmenu.aspx?locationNum=13&locationName=The+Atrium&dtdate=05/07/2026&activeMeal=Dinner&sName=Rutgers+University+Dining,https://menuportal23.dining.rutgers.edu/FoodPronet/label.aspx?locationNum=13&locationName=The+Atrium&dtdate=05%2f07%2f2026&RecNumAndPort=019960*1,220.0,6.0,2.5,0.0,25.0,760.0,,0.5,12.0,7.0,True,True,False,True,False
05/07/2026,2026-05-07T18:01:57,The Atrium,Busch,Dinner,KINGS HAWAIIAN SANDWICH ROLL,1 EACH,https://menuportal23.dining.rutgers.edu/FoodPronet/pickmenu.aspx?locationNum=13&locationName=The+Atrium&dtdate=05/07/2026&activeMeal=Dinner&sName=Rutgers+University+Dining,https://menuportal23.dining.rutgers.edu/FoodPronet/label.aspx?locationNum=13&locationName=The+Atrium&dtdate=05%2f07%2f2026&RecNumAndPort=019959*1,164.0,4.1,2.5,0.0,24.8,205.2,,1.7,6.6,4.9,True,True,False,True,True
05/07/2026,2026-05-07T18:01:57,The Atrium,Busch,Dinner,KINGS HAWAIIAN SLIDER BUN,6 EACH,https://menuportal23.dining.rutgers.edu/FoodPronet/pickmenu.aspx?locationNum=13&locationName=The+Atrium&dtdate=05/07/2026&activeMeal=Dinner&sName=Rutgers+University+Dining,https://menuportal23.dining.rutgers.edu/FoodPronet/label.aspx?locationNum=13&locationName=The+Atrium&dtdate=05%2f07%2f2026&RecNumAndPort=163082*6,600.0,15.0,9.0,0.0,90.7,749.3,,6.0,24.0,18.0,True,True,False,False,False
05/07/2026,2026-05-07T18:01:57,The Atrium,Busch,Dinner,MULTIGRAIN SLICED BREAD,1 SLICE,https://menuportal23.dining.rutgers.edu/FoodPronet/pickmenu.aspx?locationNum=13&locationName=The+Atrium&dtdate=05/07/2026&activeMeal=Dinner&sName=Rutgers+University+Dining,https://menuportal23.dining.rutgers.edu/FoodPronet/label.aspx?locationNum=13&locationName=The+Atrium&dtdate=05%2f07%2f2026&RecNumAndPort=019964*1,297.0,8.7,0.0,0.0,0.0,453.6,,5.2,3.5,8.7,True,True,False,True,True
05/07/2026,2026-05-07T18:01:57,The Atrium,Busch,Dinner,SCARLET HOT CRISPY CHICKEN SANDWICH,1 EACH,https://menuportal23.dining.rutgers.edu/FoodPronet/pickmenu.aspx?locationNum=13&locationName=The+Atrium&dtdate=05/07/2026&activeMeal=Dinner&sName=Rutgers+University+Dining,https://menuportal23.dining.rutgers.edu/FoodPronet/label.aspx?locationNum=13&locationName=The+Atrium&dtdate=05%2f07%2f2026&RecNumAndPort=195515*1,773.0,20.4,4.1,0.0,131.6,2575.9,,5.2,2.5,61.5,False,False,True,False,False
05/07/2026,2026-05-07T18:01:57,The Atrium,Busch,Dinner,SCARLET HOT GRILLED CHICKEN SANDWICH,1 EACH,https://menuportal23.dining.rutgers.edu/FoodPronet/pickmenu.aspx?locationNum=13&locationName=The+Atrium&dtdate=05/07/2026&activeMeal=Dinner&sName=Rutgers+University+Dining,https://menuportal23.dining.rutgers.edu/FoodPronet/label.aspx?locationNum=13&locationName=The+Atrium&dtdate=05%2f07%2f2026&RecNumAndPort=195516*1,510.0,8.6,1.4,0.0,161.0,1448.5,,3.2,2.5,59.6,False,False,True,False,False
05/07/2026,2026-05-07T18:01:57,The Atrium,Busch,Dinner,SOURDOUGH BREAD,1 SLICE,https://menuportal23.dining.rutgers.edu/FoodPronet/pickmenu.aspx?locationNum=13&locationName=The+Atrium&dtdate=05/07/2026&activeMeal=Dinner&sName=Rutgers+University+Dining,https://menuportal23.dining.rutgers.edu/FoodPronet/label.aspx?locationNum=13&locationName=The+Atrium&dtdate=05%2f07%2f2026&RecNumAndPort=019963*1,223.0,0.8,0.0,0.0,0.0,541.1,,1.6,0.0,8.0,True,True,False,True,True
05/07/2026,2026-05-07T18:01:57,The Atrium,Busch,Dinner,ASIAN SESAME SLAW,2 OZ,https://menuportal23.dining.rutgers.edu/FoodPronet/pickmenu.aspx?locationNum=13&locationName=The+Atrium&dtdate=05/07/2026&activeMeal=Dinner&sName=Rutgers+University+Dining,https://menuportal23.dining.rutgers.edu/FoodPronet/label.aspx?locationNum=13&locationName=The+Atrium&dtdate=05%2f07%2f2026&RecNumAndPort=165202*2,75.0,6.4,0.9,0.0,0.0,232.7,,1.3,1.4,1.1,True,True,False,True,True
05/07/2026,2026-05-07T18:01:57,The Atrium,Busch,Dinner,FRANK'S BUFFALO SAUCE,2 OZ,https://menuportal23.dining.rutgers.edu/FoodPronet/pickmenu.aspx?locationNum=13&locationName=The+Atrium&dtdate=05/07/2026&activeMeal=Dinner&sName=Rutgers+University+Dining,https://menuportal23.dining.rutgers.edu/FoodPronet/label.aspx?locationNum=13&locationName=The+Atrium&dtdate=05%2f07%2f2026&RecNumAndPort=157245*2,0.0,0.0,0.0,0.0,0.0,1612.8,,0.0,0.0,0.0,True,True,False,True,False
05/07/2026,2026-05-07T18:01:57,The Atrium,Busch,Dinner,GARLIC PARMESAN SAUCE,2 OZ,https://menuportal23.dining.rutgers.edu/FoodPronet/pickmenu.aspx?locationNum=13&locationName=The+Atrium&dtdate=05/07/2026&activeMeal=Dinner&sName=Rutgers+University+Dining,https://menuportal23.dining.rutgers.edu/FoodPronet/label.aspx?locationNum=13&locationName=The+Atrium&dtdate=05%2f07%2f2026&RecNumAndPort=157124*2,154.0,15.4,1.9,0.0,0.0,844.8,,0.0,0.0,0.0,True,True,False,True,False
05/07/2026,2026-05-07T18:01:57,The Atrium,Busch,Dinner,GUACAMOLE,2 OZ,https://menuportal23.dining.rutgers.edu/FoodPronet/pickmenu.aspx?locationNum=13&locationName=The+Atrium&dtdate=05/07/2026&activeMeal=Dinner&sName=Rutgers+University+Dining,https://menuportal23.dining.rutgers.edu/FoodPronet/label.aspx?locationNum=13&locationName=The+Atrium&dtdate=05%2f07%2f2026&RecNumAndPort=601083*2,100.0,9.1,1.4,0.0,0.0,1.8,,2.7,0.0,0.9,True,True,False,True,True
05/07/2026,2026-05-07T18:01:57,The Atrium,Busch,Dinner,KILLER B'S HOT HONEY,1 OZ,https://menuportal23.dining.rutgers.edu/FoodPronet/pickmenu.aspx?locationNum=13&locationName=The+Atrium&dtdate=05/07/2026&activeMeal=Dinner&sName=Rutgers+University+Dining,https://menuportal23.dining.rutgers.edu/FoodPronet/label.aspx?locationNum=13&locationName=The+Atrium&dtdate=05%2f07%2f2026&RecNumAndPort=150216*1,93.0,0.0,0.0,0.0,0.0,1.3,,0.1,24.9,0.1,True,True,False,True,True
05/07/2026,2026-05-07T18:01:57,The Atrium,Busch,Dinner,PICO DE GALLO,2 OZ,https://menuportal23.dining.rutgers.edu/FoodPronet/pickmenu.aspx?locationNum=13&locationName=The+Atrium&dtdate=05/07/2026&activeMeal=Dinner&sName=Rutgers+University+Dining,https://menuportal23.dining.rutgers.edu/FoodPronet/label.aspx?locationNum=13&locationName=The+Atrium&dtdate=05%2f07%2f2026&RecNumAndPort=157111*2,28.0,2.2,0.3,0.0,0.0,449.0,,0.3,1.0,0.5,True,True,False,True,True
05/07/2026,2026-05-07T18:01:57,The Atrium,Busch,Dinner,SAUTEED MUSHROOMS,2 OZ,https://menuportal23.dining.rutgers.edu/FoodPronet/pickmenu.aspx?locationNum=13&locationName=The+Atrium&dtdate=05/07/2026&activeMeal=Dinner&sName=Rutgers+University+Dining,https://menuportal23.dining.rutgers.edu/FoodPronet/label.aspx?locationNum=13&locationName=The+Atrium&dtdate=05%2f07%2f2026&RecNumAndPort=130025*2,50.0,4.3,0.6,0.0,0.0,40.3,,0.7,1.3,2.1,True,True,False,True,True
05/07/2026,2026-05-07T18:01:57,The Atrium,Busch,Dinner,SAUTEED ONION & PEPPERS,3 OZ,https://menuportal23.dining.rutgers.edu/FoodPronet/pickmenu.aspx?locationNum=13&locationName=The+Atrium&dtdate=05/07/2026&activeMeal=Dinner&sName=Rutgers+University+Dining,https://menuportal23.dining.rutgers.edu/FoodPronet/label.aspx?locationNum=13&locationName=The+Atrium&dtdate=05%2f07%2f2026&RecNumAndPort=130240*3,78.0,4.2,0.6,0.0,0.0,4.8,,2.2,4.7,1.3,True,True,False,True,True
05/07/2026,2026-05-07T18:01:57,The Atrium,Busch,Dinner,SAUTEED SPANISH ONIONS,3 OZ,https://menuportal23.dining.rutgers.edu/FoodPronet/pickmenu.aspx?locationNum=13&locationName=The+Atrium&dtdate=05/07/2026&activeMeal=Dinner&sName=Rutgers+University+Dining,https://menuportal23.dining.rutgers.edu/FoodPronet/label.aspx?locationNum=13&locationName=The+Atrium&dtdate=05%2f07%2f2026&RecNumAndPort=130092*3,73.0,4.4,1.2,0.0,0.0,3.4,,1.5,3.7,0.9,True,True,False,True,True
05/07/2026,2026-05-07T18:01:57,The Atrium,Busch,Dinner,SHREDDED LETTUCE,2 OZ,https://menuportal23.dining.rutgers.edu/FoodPronet/pickmenu.aspx?locationNum=13&locationName=The+Atrium&dtdate=05/07/2026&activeMeal=Dinner&sName=Rutgers+University+Dining,https://menuportal23.dining.rutgers.edu/FoodPronet/label.aspx?locationNum=13&locationName=The+Atrium&dtdate=05%2f07%2f2026&RecNumAndPort=130218*2,8.0,0.1,0.0,0.0,0.0,5.7,,0.6,1.0,0.5,True,True,False,True,True
05/07/2026,2026-05-07T18:01:57,The Atrium,Busch,Dinner,SLICED PEPPERJACK CHEESE,1 OZ,https://menuportal23.dining.rutgers.edu/FoodPronet/pickmenu.aspx?locationNum=13&locationName=The+Atrium&dtdate=05/07/2026&activeMeal=Dinner&sName=Rutgers+University+Dining,https://menuportal23.dining.rutgers.edu/FoodPronet/label.aspx?locationNum=13&locationName=The+Atrium&dtdate=05%2f07%2f2026&RecNumAndPort=150147*1,106.0,8.6,5.4,,25.2,152.0,,0.0,0.1,6.9,True,False,False,True,True
05/07/2026,2026-05-07T18:01:57,The Atrium,Busch,Dinner,SLICED PROVOLONE CHEESE,1 OZ,https://menuportal23.dining.rutgers.edu/FoodPronet/pickmenu.aspx?locationNum=13&locationName=The+Atrium&dtdate=05/07/2026&activeMeal=Dinner&sName=Rutgers+University+Dining,https://menuportal23.dining.rutgers.edu/FoodPronet/label.aspx?locationNum=13&locationName=The+Atrium&dtdate=05%2f07%2f2026&RecNumAndPort=150183*1,100.0,7.5,4.8,,19.6,248.3,,0.0,0.2,7.3,True,False,False,True,True
05/07/2026,2026-05-07T18:01:57,The Atrium,Busch,Dinner,SLICED TOMATOES,3 SLICE,https://menuportal23.dining.rutgers.edu/FoodPronet/pickmenu.aspx?locationNum=13&locationName=The+Atrium&dtdate=05/07/2026&activeMeal=Dinner&sName=Rutgers+University+Dining,https://menuportal23.dining.rutgers.edu/FoodPronet/label.aspx?locationNum=13&locationName=The+Atrium&dtdate=05%2f07%2f2026&RecNumAndPort=130197*3,8.0,0.1,0.0,0.0,0.0,2.1,,0.5,1.1,0.4,True,True,False,True,True
05/07/2026,2026-05-07T18:01:57,The Atrium,Busch,Dinner,SWEET BABY RAY'S BARBECUE SAUCE,2 OZ,https://menuportal23.dining.rutgers.edu/FoodPronet/pickmenu.aspx?locationNum=13&locationName=The+Atrium&dtdate=05/07/2026&activeMeal=Dinner&sName=Rutgers+University+Dining,https://menuportal23.dining.rutgers.edu/FoodPronet/label.aspx?locationNum=13&locationName=The+Atrium&dtdate=05%2f07%2f2026&RecNumAndPort=157246*2,109.0,0.0,0.0,0.0,0.0,451.5,,0.0,24.9,0.0,True,True,False,True,True
05/07/2026,2026-05-07T18:01:57,The Atrium,Busch,Dinner,TERIYAKI SAUCE GLAZE,2 OZ,https://menuportal23.dining.rutgers.edu/FoodPronet/pickmenu.aspx?locationNum=13&locationName=The+Atrium&dtdate=05/07/2026&activeMeal=Dinner&sName=Rutgers+University+Dining,https://menuportal23.dining.rutgers.edu/FoodPronet/label.aspx?locationNum=13&locationName=The+Atrium&dtdate=05%2f07%2f2026&RecNumAndPort=157059*2,101.0,0.0,,,,1661.9,,,20.3,4.1,True,True,False,True,False
05/07/2026,2026-05-07T18:01:57,The Atrium,Busch,Dinner,VEGAN CHEESE SLICES,1 SLICE,https://menuportal23.dining.rutgers.edu/FoodPronet/pickmenu.aspx?locationNum=13&locationName=The+Atrium&dtdate=05/07/2026&activeMeal=Dinner&sName=Rutgers+University+Dining,https://menuportal23.dining.rutgers.edu/FoodPronet/label.aspx?locationNum=13&locationName=The+Atrium&dtdate=05%2f07%2f2026&RecNumAndPort=150206*1,57.0,4.3,3.8,0.0,0.0,170.1,,,,0.0,True,False,False,True,True
05/07/2026,2026-05-07T18:01:57,The Atrium,Busch,Dinner,YELLOW AMERICAN CHEESE,1 SLICE,https://menuportal23.dining.rutgers.edu/FoodPronet/pickmenu.aspx?locationNum=13&locationName=The+Atrium&dtdate=05/07/2026&activeMeal=Dinner&sName=Rutgers+University+Dining,https://menuportal23.dining.rutgers.edu/FoodPronet/label.aspx?locationNum=13&locationName=The+Atrium&dtdate=05%2f07%2f2026&RecNumAndPort=150172*1,69.0,6.0,5.2,,12.9,240.5,,0.0,0.0,4.3,True,False,False,True,True
05/07/2026,2026-05-07T18:01:57,The Atrium,Busch,Dinner,"6"" FLOUR TORTILLA",1 EACH,https://menuportal23.dining.rutgers.edu/FoodPronet/pickmenu.aspx?locationNum=13&locationName=The+Atrium&dtdate=05/07/2026&activeMeal=Dinner&sName=Rutgers+University+Dining,https://menuportal23.dining.rutgers.edu/FoodPronet/label.aspx?locationNum=13&locationName=The+Atrium&dtdate=05%2f07%2f2026&RecNumAndPort=150193*1,94.0,1.7,0.5,0.0,0.0,218.9,,0.7,0.3,2.7,True,True,False,True,True
05/07/2026,2026-05-07T18:01:57,The Atrium,Busch,Dinner,BAJA SHRIMP,5 OZ,https://menuportal23.dining.rutgers.edu/FoodPronet/pickmenu.aspx?locationNum=13&locationName=The+Atrium&dtdate=05/07/2026&activeMeal=Dinner&sName=Rutgers+University+Dining,https://menuportal23.dining.rutgers.edu/FoodPronet/label.aspx?locationNum=13&locationName=The+Atrium&dtdate=05%2f07%2f2026&RecNumAndPort=601319*5,134.0,2.5,0.4,0.0,172.4,177.8,,0.7,0.4,23.5,False,False,True,True,True
05/07/2026,2026-05-07T18:01:57,The Atrium,Busch,Dinner,BEEF TACO MEAT,4 OZ,https://menuportal23.dining.rutgers.edu/FoodPronet/pickmenu.aspx?locationNum=13&locationName=The+Atrium&dtdate=05/07/2026&activeMeal=Dinner&sName=Rutgers+University+Dining,https://menuportal23.dining.rutgers.edu/FoodPronet/label.aspx?locationNum=13&locationName=The+Atrium&dtdate=05%2f07%2f2026&RecNumAndPort=019802*4,188.0,12.6,5.0,0.0,49.9,159.8,,0.8,1.7,13.9,False,False,False,True,True
05/07/2026,2026-05-07T18:01:57,The Atrium,Busch,Dinner,CHICKEN TACO MEAT,3 OZ,https://menuportal23.dining.rutgers.edu/FoodPronet/pickmenu.aspx?locationNum=13&locationName=The+Atrium&dtdate=05/07/2026&activeMeal=Dinner&sName=Rutgers+University+Dining,https://menuportal23.dining.rutgers.edu/FoodPronet/label.aspx?locationNum=13&locationName=The+Atrium&dtdate=05%2f07%2f2026&RecNumAndPort=111266*3,119.0,5.1,1.2,0.0,56.7,227.2,,0.6,1.0,14.1,False,False,False,True,True
05/07/2026,2026-05-07T18:01:57,The Atrium,Busch,Dinner,TRI COLOR TORTILLA CHIP W/ TAJIN,3 OZ,https://menuportal23.dining.rutgers.edu/FoodPronet/pickmenu.aspx?locationNum=13&locationName=The+Atrium&dtdate=05/07/2026&activeMeal=Dinner&sName=Rutgers+University+Dining,https://menuportal23.dining.rutgers.edu/FoodPronet/label.aspx?locationNum=13&locationName=The+Atrium&dtdate=05%2f07%2f2026&RecNumAndPort=150093*3,214.0,9.4,1.3,0.4,0.0,157.2,,2.4,0.4,3.2,True,True,False,True,True
05/07/2026,2026-05-07T18:01:57,The Atrium,Busch,Dinner,VEGAN TACO CRUMBLES,3 OZ,https://menuportal23.dining.rutgers.edu/FoodPronet/pickmenu.aspx?locationNum=13&locationName=The+Atrium&dtdate=05/07/2026&activeMeal=Dinner&sName=Rutgers+University+Dining,https://menuportal23.dining.rutgers.edu/FoodPronet/label.aspx?locationNum=13&locationName=The+Atrium&dtdate=05%2f07%2f2026&RecNumAndPort=143276*3,156.0,6.2,0.4,0.0,0.0,332.9,,7.7,1.9,14.2,True,True,False,True,True
05/07/2026,2026-05-07T18:01:57,The Atrium,Busch,Dinner,AVOCADO MASH,2 OZ,https://menuportal23.dining.rutgers.edu/FoodPronet/pickmenu.aspx?locationNum=13&locationName=The+Atrium&dtdate=05/07/2026&activeMeal=Dinner&sName=Rutgers+University+Dining,https://menuportal23.dining.rutgers.edu/FoodPronet/label.aspx?locationNum=13&locationName=The+Atrium&dtdate=05%2f07%2f2026&RecNumAndPort=130039*2,125.0,11.3,1.7,0.0,0.0,0.0,,3.4,0.0,1.1,True,True,False,True,True
05/07/2026,2026-05-07T18:01:57,The Atrium,Busch,Dinner,CHIPOTLE SAUCE,1 OZ,https://menuportal23.dining.rutgers.edu/FoodPronet/pickmenu.aspx?locationNum=13&locationName=The+Atrium&dtdate=05/07/2026&activeMeal=Dinner&sName=Rutgers+University+Dining,https://menuportal23.dining.rutgers.edu/FoodPronet/label.aspx?locationNum=13&locationName=The+Atrium&dtdate=05%2f07%2f2026&RecNumAndPort=501044*1,56.0,5.1,3.0,0.2,13.6,143.3,,0.1,1.1,0.7,True,True,False,True,True
05/07/2026,2026-05-07T18:01:57,The Atrium,Busch,Dinner,CILANTRO CREMA,1 OZ,https://menuportal23.dining.rutgers.edu/FoodPronet/pickmenu.aspx?locationNum=13&locationName=The+Atrium&dtdate=05/07/2026&activeMeal=Dinner&sName=Rutgers+University+Dining,https://menuportal23.dining.rutgers.edu/FoodPronet/label.aspx?locationNum=13&locationName=The+Atrium&dtdate=05%2f07%2f2026&RecNumAndPort=601303*1,38.0,3.6,2.1,0.1,9.4,17.8,,0.3,0.7,0.6,True,True,False,True,True
05/07/2026,2026-05-07T18:01:57,The Atrium,Busch,Dinner,QUESO BLANCO SAUCE,2 OZL,https://menuportal23.dining.rutgers.edu/FoodPronet/pickmenu.aspx?locationNum=13&locationName=The+Atrium&dtdate=05/07/2026&activeMeal=Dinner&sName=Rutgers+University+Dining,https://menuportal23.dining.rutgers.edu/FoodPronet/label.aspx?locationNum=13&locationName=The+Atrium&dtdate=05%2f07%2f2026&RecNumAndPort=601306*2,173.0,12.4,7.4,0.1,36.5,604.2,,0.3,2.8,9.2,True,True,False,True,False
05/07/2026,2026-05-07T18:01:57,The Atrium,Busch,Dinner,SLICED JALAPENOS PEPPERS,2 OZ,https://menuportal23.dining.rutgers.edu/FoodPronet/pickmenu.aspx?locationNum=13&locationName=The+Atrium&dtdate=05/07/2026&activeMeal=Dinner&sName=Rutgers+University+Dining,https://menuportal23.dining.rutgers.edu/FoodPronet/label.aspx?locationNum=13&locationName=The+Atrium&dtdate=05%2f07%2f2026&RecNumAndPort=150024*2,22.0,0.3,0.0,,0.0,795.9,,0.9,,0.5,True,True,False,True,False
05/07/2026,2026-05-07T18:01:57,The Atrium,Busch,Dinner,SLICED SCALLIONS,1 OZ,https://menuportal23.dining.rutgers.edu/FoodPronet/pickmenu.aspx?locationNum=13&locationName=The+Atrium&dtdate=05/07/2026&activeMeal=Dinner&sName=Rutgers+University+Dining,https://menuportal23.dining.rutgers.edu/FoodPronet/label.aspx?locationNum=13&locationName=The+Atrium&dtdate=05%2f07%2f2026&RecNumAndPort=130050*1,9.0,0.1,0.0,0.0,0.0,4.5,,0.7,0.7,0.5,True,True,False,True,True
05/07/2026,2026-05-07T18:01:57,The Atrium,Busch,Dinner,BAKED MACARONI AND CHEESE,14 OZ,https://menuportal23.dining.rutgers.edu/FoodPronet/pickmenu.aspx?locationNum=13&locationName=The+Atrium&dtdate=05/07/2026&activeMeal=Dinner&sName=Rutgers+University+Dining,https://menuportal23.dining.rutgers.edu/FoodPronet/label.aspx?locationNum=13&locationName=The+Atrium&dtdate=05%2f07%2f2026&RecNumAndPort=140078*14,997.0,23.9,10.3,0.1,49.8,832.2,,10.8,9.3,38.0,True,False,True,False,False
05/07/2026,2026-05-07T18:01:57,The Atrium,Busch,Dinner,CALIFORNIA ROLL,2 ROLLS,https://menuportal23.dining.rutgers.edu/FoodPronet/pickmenu.aspx?locationNum=13&locationName=The+Atrium&dtdate=05/07/2026&activeMeal=Dinner&sName=Rutgers+University+Dining,https://menuportal23.dining.rutgers.edu/FoodPronet/label.aspx?locationNum=13&locationName=The+Atrium&dtdate=05%2f07%2f2026&RecNumAndPort=163054*2,193.0,3.5,0.5,0.0,6.2,830.1,,2.7,4.9,9.2,True,True,False,True,False
05/07/2026,2026-05-07T18:01:57,The Atrium,Busch,Dinner,MACARONI AND CHEESE W. CHICKEN TENDERS,20 OZ,https://menuportal23.dining.rutgers.edu/FoodPronet/pickmenu.aspx?locationNum=13&locationName=The+Atrium&dtdate=05/07/2026&activeMeal=Dinner&sName=Rutgers+University+Dining,https://menuportal23.dining.rutgers.edu/FoodPronet/label.aspx?locationNum=13&locationName=The+Atrium&dtdate=05%2f07%2f2026&RecNumAndPort=111258*20,1405.0,47.0,14.4,0.2,111.0,1728.6,,13.7,10.3,62.8,False,False,True,False,False
05/07/2026,2026-05-07T18:01:57,The Atrium,Busch,Dinner,MEZZE BOWL,15 OZ,https://menuportal23.dining.rutgers.edu/FoodPronet/pickmenu.aspx?locationNum=13&locationName=The+Atrium&dtdate=05/07/2026&activeMeal=Dinner&sName=Rutgers+University+Dining,https://menuportal23.dining.rutgers.edu/FoodPronet/label.aspx?locationNum=13&locationName=The+Atrium&dtdate=05%2f07%2f2026&RecNumAndPort=130422*15,590.0,40.2,4.0,0.0,0.8,1430.9,,11.7,6.6,11.0,True,True,False,False,False
05/07/2026,2026-05-07T18:01:57,The Atrium,Busch,Dinner,SALMON POKE BOWL,18 OZ,https://menuportal23.dining.rutgers.edu/FoodPronet/pickmenu.aspx?locationNum=13&locationName=The+Atrium&dtdate=05/07/2026&activeMeal=Dinner&sName=Rutgers+University+Dining,https://menuportal23.dining.rutgers.edu/FoodPronet/label.aspx?locationNum=13&locationName=The+Atrium&dtdate=05%2f07%2f2026&RecNumAndPort=170221*18,474.0,12.3,1.9,0.0,52.2,415.9,,7.1,17.1,29.5,False,False,True,False,True
05/07/2026,2026-05-07T18:01:57,The Atrium,Busch,Dinner,TOFU POKE BOWL,18 OZ,https://menuportal23.dining.rutgers.edu/FoodPronet/pickmenu.aspx?locationNum=13&locationName=The+Atrium&dtdate=05/07/2026&activeMeal=Dinner&sName=Rutgers+University+Dining,https://menuportal23.dining.rutgers.edu/FoodPronet/label.aspx?locationNum=13&locationName=The+Atrium&dtdate=05%2f07%2f2026&RecNumAndPort=170224*18,463.0,15.3,2.4,0.0,0.0,344.1,,7.1,17.1,18.2,True,True,False,False,True
05/07/2026,2026-05-07T18:01:57,The Atrium,Busch,Dinner,VEGETABLE SUSHI,2 ROLLS,https://menuportal23.dining.rutgers.edu/FoodPronet/pickmenu.aspx?locationNum=13&locationName=The+Atrium&dtdate=05/07/2026&activeMeal=Dinner&sName=Rutgers+University+Dining,https://menuportal23.dining.rutgers.edu/FoodPronet/label.aspx?locationNum=13&locationName=The+Atrium&dtdate=05%2f07%2f2026&RecNumAndPort=163049*2,848.0,2.3,0.0,0.0,0.0,868.7,,9.5,9.8,14.5,True,True,False,False,False
